x,y,shotMade,shotType,shotValue,shotDistance,description,period,videoUrl,gameDate,playerName,minutesRemaining,secondsRemaining,scoreHome,scoreAway,scoreHomePreShot,scoreAwayPreShot,isHomeTeam,homeTeam,awayTeam,homeTeamTricode,awayTeamTricode,shotTeam,opponentTeam,seasonType,playoffRound,seriesGameNumber,seriesRecordPre,distanceFt,playType,clock,clockMinutes,assistPlayerName,blockPlayerName,opponent,gameState
5,260,1,Jump Shot,3,26,Brunson 26' 3PT Jump Shot (3 PTS) (Towns 1 AST),1,,2026-06-03,Jalen Brunson,11,45,0,3,0,0,0,San Antonio Spurs,New York Knicks,SAN,NYK,New York Knicks,San Antonio Spurs,Playoffs,NBA Finals,1,0-0,26,Jump Shot,11:45,11.75,,,San Antonio Spurs,tied
66,35,0,Driving Layup Shot,2,7,MISS Brunson 7' Driving Layup,1,,2026-06-03,Jalen Brunson,10,57,2,3,2,3,0,San Antonio Spurs,New York Knicks,SAN,NYK,New York Knicks,San Antonio Spurs,Playoffs,NBA Finals,1,0-0,7,Driving Layup Shot,10:57,10.95,,,San Antonio Spurs,winning
144,202,0,Pullup Jump shot,3,25,MISS Brunson 25' 3PT Pullup Jump Shot,1,,2026-06-03,Jalen Brunson,7,52,7,10,7,10,0,San Antonio Spurs,New York Knicks,SAN,NYK,New York Knicks,San Antonio Spurs,Playoffs,NBA Finals,1,0-0,25,Pullup Jump shot,7:52,7.866666666666667,,,San Antonio Spurs,winning
103,132,0,Pullup Jump shot,2,17,MISS Brunson 17' Pullup Jump Shot,1,,2026-06-03,Jalen Brunson,4,44,11,14,11,14,0,San Antonio Spurs,New York Knicks,SAN,NYK,New York Knicks,San Antonio Spurs,Playoffs,NBA Finals,1,0-0,17,Pullup Jump shot,4:44,4.733333333333333,,,San Antonio Spurs,winning
113,245,0,Jump Shot,3,27,MISS Brunson 27' 3PT Jump Shot,1,,2026-06-03,Jalen Brunson,3,36,16,14,16,14,0,San Antonio Spurs,New York Knicks,SAN,NYK,New York Knicks,San Antonio Spurs,Playoffs,NBA Finals,1,0-0,27,Jump Shot,3:36,3.6,,,San Antonio Spurs,losing
6,21,0,Driving Layup Shot,2,2,MISS Brunson 2' Driving Layup,1,,2026-06-03,Jalen Brunson,2,47,22,17,22,17,0,San Antonio Spurs,New York Knicks,SAN,NYK,New York Knicks,San Antonio Spurs,Playoffs,NBA Finals,1,0-0,2,Driving Layup Shot,2:47,2.783333333333333,,,San Antonio Spurs,losing
113,56,0,Step Back Jump shot,2,13,MISS Brunson 13' Step Back Jump Shot,1,,2026-06-03,Jalen Brunson,2,19,22,17,22,17,0,San Antonio Spurs,New York Knicks,SAN,NYK,New York Knicks,San Antonio Spurs,Playoffs,NBA Finals,1,0-0,13,Step Back Jump shot,2:19,2.3166666666666664,,,San Antonio Spurs,losing
-28,10,0,Running Finger Roll Layup Shot,2,3,MISS Brunson 3' Running Finger Roll Layup,2,,2026-06-03,Jalen Brunson,6,33,32,30,32,30,0,San Antonio Spurs,New York Knicks,SAN,NYK,New York Knicks,San Antonio Spurs,Playoffs,NBA Finals,1,0-0,3,Running Finger Roll Layup Shot,6:33,6.55,,,San Antonio Spurs,losing
-16,11,1,Driving Floating Jump Shot,2,2,Brunson 2' Driving Floating Jump Shot (5 PTS),2,,2026-06-03,Jalen Brunson,6,3,34,32,34,30,0,San Antonio Spurs,New York Knicks,SAN,NYK,New York Knicks,San Antonio Spurs,Playoffs,NBA Finals,1,0-0,2,Driving Floating Jump Shot,6:03,6.05,,,San Antonio Spurs,losing
21,79,0,Driving Floating Jump Shot,2,8,MISS Brunson 8' Driving Floating Jump Shot,2,,2026-06-03,Jalen Brunson,5,37,37,32,37,32,0,San Antonio Spurs,New York Knicks,SAN,NYK,New York Knicks,San Antonio Spurs,Playoffs,NBA Finals,1,0-0,8,Driving Floating Jump Shot,5:37,5.616666666666667,,,San Antonio Spurs,losing
50,31,1,Finger Roll Layup Shot,2,6,Brunson 6' Finger Roll Layup (9 PTS),2,,2026-06-03,Jalen Brunson,5,1,37,36,37,34,0,San Antonio Spurs,New York Knicks,SAN,NYK,New York Knicks,San Antonio Spurs,Playoffs,NBA Finals,1,0-0,6,Finger Roll Layup Shot,5:01,5.016666666666667,,,San Antonio Spurs,losing
-34,36,1,Driving Floating Jump Shot,2,5,Brunson 5' Driving Floating Jump Shot (11 PTS),2,,2026-06-03,Jalen Brunson,4,20,37,38,37,36,0,San Antonio Spurs,New York Knicks,SAN,NYK,New York Knicks,San Antonio Spurs,Playoffs,NBA Finals,1,0-0,5,Driving Floating Jump Shot,4:20,4.333333333333333,,,San Antonio Spurs,losing
152,222,0,Pullup Jump shot,3,27,MISS Brunson 27' 3PT Pullup Jump Shot,2,,2026-06-03,Jalen Brunson,3,1,42,40,42,40,0,San Antonio Spurs,New York Knicks,SAN,NYK,New York Knicks,San Antonio Spurs,Playoffs,NBA Finals,1,0-0,27,Pullup Jump shot,3:01,3.0166666666666666,,,San Antonio Spurs,losing
-224,134,0,Step Back Jump shot,3,26,MISS Brunson 26' 3PT Step Back Jump Shot,2,,2026-06-03,Jalen Brunson,0,58.5,50,46,50,46,0,San Antonio Spurs,New York Knicks,SAN,NYK,New York Knicks,San Antonio Spurs,Playoffs,NBA Finals,1,0-0,26,Step Back Jump shot,0:58,0.975,,,San Antonio Spurs,losing
48,170,0,Step Back Jump shot,2,18,MISS Brunson 18' Step Back Jump Shot,3,,2026-06-03,Jalen Brunson,9,46,57,48,57,48,0,San Antonio Spurs,New York Knicks,SAN,NYK,New York Knicks,San Antonio Spurs,Playoffs,NBA Finals,1,0-0,18,Step Back Jump shot,9:46,9.766666666666667,,,San Antonio Spurs,losing
-235,70,0,Pullup Jump shot,3,25,MISS Brunson 25' 3PT Pullup Jump Shot,3,,2026-06-03,Jalen Brunson,7,53,63,50,63,50,0,San Antonio Spurs,New York Knicks,SAN,NYK,New York Knicks,San Antonio Spurs,Playoffs,NBA Finals,1,0-0,25,Pullup Jump shot,7:53,7.883333333333333,,,San Antonio Spurs,losing
228,28,0,Jump Shot,3,,MISS Brunson 3PT Jump Shot,3,,2026-06-03,Jalen Brunson,7,15,63,50,63,50,0,San Antonio Spurs,New York Knicks,SAN,NYK,New York Knicks,San Antonio Spurs,Playoffs,NBA Finals,1,0-0,22.97128642457797,Jump Shot,7:15,7.25,,,San Antonio Spurs,losing
25,36,1,Running Layup Shot,2,4,Brunson 4' Running Layup (13 PTS) (Hart 5 AST),3,,2026-06-03,Jalen Brunson,4,58,67,61,67,59,0,San Antonio Spurs,New York Knicks,SAN,NYK,New York Knicks,San Antonio Spurs,Playoffs,NBA Finals,1,0-0,4,Running Layup Shot,4:58,4.966666666666667,,,San Antonio Spurs,losing
-168,204,0,Pullup Jump shot,3,26,MISS Brunson 26' 3PT Pullup Jump Shot,3,,2026-06-03,Jalen Brunson,4,22,69,61,69,61,0,San Antonio Spurs,New York Knicks,SAN,NYK,New York Knicks,San Antonio Spurs,Playoffs,NBA Finals,1,0-0,26,Pullup Jump shot,4:22,4.366666666666666,,,San Antonio Spurs,losing
96,107,1,Pullup Jump shot,2,14,Brunson 14' Pullup Jump Shot (15 PTS),3,,2026-06-03,Jalen Brunson,2,1,71,71,71,69,0,San Antonio Spurs,New York Knicks,SAN,NYK,New York Knicks,San Antonio Spurs,Playoffs,NBA Finals,1,0-0,14,Pullup Jump shot,2:01,2.0166666666666666,,,San Antonio Spurs,losing
26,144,0,Turnaround Fadeaway shot,2,15,MISS Brunson 15' Turnaround Fadeaway Shot,3,,2026-06-03,Jalen Brunson,1,15,73,73,73,73,0,San Antonio Spurs,New York Knicks,SAN,NYK,New York Knicks,San Antonio Spurs,Playoffs,NBA Finals,1,0-0,15,Turnaround Fadeaway shot,1:15,1.25,,,San Antonio Spurs,tied
-29,13,1,Driving Finger Roll Layup Shot,2,3,Brunson 3' Driving Finger Roll Layup (19 PTS),4,,2026-06-03,Jalen Brunson,7,22,86,88,86,86,0,San Antonio Spurs,New York Knicks,SAN,NYK,New York Knicks,San Antonio Spurs,Playoffs,NBA Finals,1,0-0,3,Driving Finger Roll Layup Shot,7:22,7.366666666666666,,,San Antonio Spurs,tied
-37,7,1,Running Layup Shot,2,4,Brunson 4' Running Layup (23 PTS),4,,2026-06-03,Jalen Brunson,6,34,86,92,86,90,0,San Antonio Spurs,New York Knicks,SAN,NYK,New York Knicks,San Antonio Spurs,Playoffs,NBA Finals,1,0-0,4,Running Layup Shot,6:34,6.566666666666666,,,San Antonio Spurs,winning
-39,23,1,Driving Finger Roll Layup Shot,2,5,Brunson 5' Driving Finger Roll Layup (25 PTS),4,,2026-06-03,Jalen Brunson,6,7,86,94,86,92,0,San Antonio Spurs,New York Knicks,SAN,NYK,New York Knicks,San Antonio Spurs,Playoffs,NBA Finals,1,0-0,5,Driving Finger Roll Layup Shot,6:07,6.116666666666666,,,San Antonio Spurs,winning
-83,97,0,Pullup Jump shot,2,13,MISS Brunson 13' Pullup Jump Shot,4,,2026-06-03,Jalen Brunson,5,27,86,94,86,94,0,San Antonio Spurs,New York Knicks,SAN,NYK,New York Knicks,San Antonio Spurs,Playoffs,NBA Finals,1,0-0,13,Pullup Jump shot,5:27,5.45,,,San Antonio Spurs,winning
92,154,0,Pullup Jump shot,2,18,MISS Brunson 18' Pullup Jump Shot,4,,2026-06-03,Jalen Brunson,4,27,89,94,89,94,0,San Antonio Spurs,New York Knicks,SAN,NYK,New York Knicks,San Antonio Spurs,Playoffs,NBA Finals,1,0-0,18,Pullup Jump shot,4:27,4.45,,,San Antonio Spurs,winning
-2,146,0,Step Back Jump shot,2,15,MISS Brunson 15' Step Back Jump Shot,4,,2026-06-03,Jalen Brunson,3,3,93,94,93,94,0,San Antonio Spurs,New York Knicks,SAN,NYK,New York Knicks,San Antonio Spurs,Playoffs,NBA Finals,1,0-0,15,Step Back Jump shot,3:03,3.05,,,San Antonio Spurs,winning
27,11,0,Driving Floating Bank Jump Shot,2,3,MISS Brunson 3' Driving Floating Bank Jump Shot,4,,2026-06-03,Jalen Brunson,2,35,93,94,93,94,0,San Antonio Spurs,New York Knicks,SAN,NYK,New York Knicks,San Antonio Spurs,Playoffs,NBA Finals,1,0-0,3,Driving Floating Bank Jump Shot,2:35,2.5833333333333335,,,San Antonio Spurs,winning
87,116,1,Pullup Jump shot,2,15,Brunson 15' Pullup Jump Shot (30 PTS),4,,2026-06-03,Jalen Brunson,0,37.79999923706055,95,101,95,99,0,San Antonio Spurs,New York Knicks,SAN,NYK,New York Knicks,San Antonio Spurs,Playoffs,NBA Finals,1,0-0,15,Pullup Jump shot,0:37,0.6299999872843425,,,San Antonio Spurs,winning
157,131,1,Step Back Jump shot,2,20,Brunson 20' Step Back Jump Shot (2 PTS),1,,2026-06-05,Jalen Brunson,11,8,3,2,3,0,0,San Antonio Spurs,New York Knicks,SAN,NYK,New York Knicks,San Antonio Spurs,Playoffs,NBA Finals,2,0-1,20,Step Back Jump shot,11:08,11.133333333333333,,,San Antonio Spurs,losing
-47,37,0,Pullup Jump shot,2,6,MISS Brunson 6' Pullup Jump Shot,1,,2026-06-05,Jalen Brunson,9,45,8,5,8,5,0,San Antonio Spurs,New York Knicks,SAN,NYK,New York Knicks,San Antonio Spurs,Playoffs,NBA Finals,2,0-1,6,Pullup Jump shot,9:45,9.75,,,San Antonio Spurs,losing
-25,13,0,Driving Finger Roll Layup Shot,2,3,MISS Brunson 3' Driving Finger Roll Layup,1,,2026-06-05,Jalen Brunson,8,13,13,10,13,10,0,San Antonio Spurs,New York Knicks,SAN,NYK,New York Knicks,San Antonio Spurs,Playoffs,NBA Finals,2,0-1,3,Driving Finger Roll Layup Shot,8:13,8.216666666666667,,,San Antonio Spurs,losing
40,-4,0,Running Layup Shot,2,4,MISS Brunson 4' Running Layup,1,,2026-06-05,Jalen Brunson,8,2,13,10,13,10,0,San Antonio Spurs,New York Knicks,SAN,NYK,New York Knicks,San Antonio Spurs,Playoffs,NBA Finals,2,0-1,4,Running Layup Shot,8:02,8.033333333333333,,,San Antonio Spurs,losing
-56,253,1,Running Pull-Up Jump Shot,3,26,Brunson 26' 3PT Running Pull-Up Jump Shot (8 PTS),1,,2026-06-05,Jalen Brunson,7,16,15,13,15,10,0,San Antonio Spurs,New York Knicks,SAN,NYK,New York Knicks,San Antonio Spurs,Playoffs,NBA Finals,2,0-1,26,Running Pull-Up Jump Shot,7:16,7.266666666666667,,,San Antonio Spurs,losing
20,148,0,Pullup Jump shot,2,15,MISS Brunson 15' Pullup Jump Shot,1,,2026-06-05,Jalen Brunson,3,49,20,18,20,18,0,San Antonio Spurs,New York Knicks,SAN,NYK,New York Knicks,San Antonio Spurs,Playoffs,NBA Finals,2,0-1,15,Pullup Jump shot,3:49,3.8166666666666664,,,San Antonio Spurs,losing
6,100,0,Driving Floating Jump Shot,2,10,MISS Brunson 10' Driving Floating Jump Shot,1,,2026-06-05,Jalen Brunson,1,50,29,21,29,21,0,San Antonio Spurs,New York Knicks,SAN,NYK,New York Knicks,San Antonio Spurs,Playoffs,NBA Finals,2,0-1,10,Driving Floating Jump Shot,1:50,1.8333333333333335,,,San Antonio Spurs,losing
207,155,0,Step Back Jump shot,3,26,MISS Brunson 26' 3PT Step Back Jump Shot,1,,2026-06-05,Jalen Brunson,0,3.9000000953674316,34,25,34,25,0,San Antonio Spurs,New York Knicks,SAN,NYK,New York Knicks,San Antonio Spurs,Playoffs,NBA Finals,2,0-1,26,Step Back Jump shot,0:03,0.0650000015894572,,,San Antonio Spurs,losing
-18,11,1,Driving Finger Roll Layup Shot,2,2,Brunson 2' Driving Finger Roll Layup (10 PTS),2,,2026-06-05,Jalen Brunson,3,3,52,51,52,49,0,San Antonio Spurs,New York Knicks,SAN,NYK,New York Knicks,San Antonio Spurs,Playoffs,NBA Finals,2,0-1,2,Driving Finger Roll Layup Shot,3:03,3.05,,,San Antonio Spurs,losing
-137,215,0,Running Jump Shot,3,25,MISS Brunson 25' 3PT Running Jump Shot,2,,2026-06-05,Jalen Brunson,2,40,52,51,52,51,0,San Antonio Spurs,New York Knicks,SAN,NYK,New York Knicks,San Antonio Spurs,Playoffs,NBA Finals,2,0-1,25,Running Jump Shot,2:40,2.6666666666666665,,,San Antonio Spurs,losing
-1,140,0,Turnaround Fadeaway shot,2,14,MISS Brunson 14' Turnaround Fadeaway Shot,2,,2026-06-05,Jalen Brunson,1,0,52,51,52,51,0,San Antonio Spurs,New York Knicks,SAN,NYK,New York Knicks,San Antonio Spurs,Playoffs,NBA Finals,2,0-1,14,Turnaround Fadeaway shot,1:00,1,,,San Antonio Spurs,losing
-235,27,0,Jump Shot,3,24,MISS Brunson 24' 3PT Jump Shot,3,,2026-06-05,Jalen Brunson,11,39,52,56,52,56,0,San Antonio Spurs,New York Knicks,SAN,NYK,New York Knicks,San Antonio Spurs,Playoffs,NBA Finals,2,0-1,24,Jump Shot,11:39,11.65,,,San Antonio Spurs,winning
-103,241,1,Running Pull-Up Jump Shot,3,26,Brunson 26' 3PT Running Pull-Up Jump Shot (13 PTS) (Hart 3 AST),3,,2026-06-05,Jalen Brunson,9,21,54,64,54,61,0,San Antonio Spurs,New York Knicks,SAN,NYK,New York Knicks,San Antonio Spurs,Playoffs,NBA Finals,2,0-1,26,Running Pull-Up Jump Shot,9:21,9.35,,,San Antonio Spurs,winning
31,-3,0,Driving Floating Bank Jump Shot,2,3,MISS Brunson 3' Driving Floating Bank Jump Shot,3,,2026-06-05,Jalen Brunson,5,20,64,72,64,72,0,San Antonio Spurs,New York Knicks,SAN,NYK,New York Knicks,San Antonio Spurs,Playoffs,NBA Finals,2,0-1,3,Driving Floating Bank Jump Shot,5:20,5.333333333333333,,,San Antonio Spurs,winning
91,16,0,Pullup Jump shot,2,9,MISS Brunson 9' Pullup Jump Shot,3,,2026-06-05,Jalen Brunson,4,53,67,72,67,72,0,San Antonio Spurs,New York Knicks,SAN,NYK,New York Knicks,San Antonio Spurs,Playoffs,NBA Finals,2,0-1,9,Pullup Jump shot,4:53,4.883333333333333,,,San Antonio Spurs,winning
201,151,0,Jump Shot,3,25,MISS Brunson 25' 3PT Jump Shot,4,,2026-06-05,Jalen Brunson,9,17,80,87,80,87,0,San Antonio Spurs,New York Knicks,SAN,NYK,New York Knicks,San Antonio Spurs,Playoffs,NBA Finals,2,0-1,25,Jump Shot,9:17,9.283333333333333,,,San Antonio Spurs,winning
-50,12,1,Running Finger Roll Layup Shot,2,5,Brunson 5' Running Finger Roll Layup (15 PTS) (Anunoby 3 AST),4,,2026-06-05,Jalen Brunson,7,26,83,92,83,90,0,San Antonio Spurs,New York Knicks,SAN,NYK,New York Knicks,San Antonio Spurs,Playoffs,NBA Finals,2,0-1,5,Running Finger Roll Layup Shot,7:26,7.433333333333334,,,San Antonio Spurs,winning
-27,-9,0,Cutting Finger Roll Layup Shot,2,3,MISS Brunson 3' Cutting Finger Roll Layup Shot,4,,2026-06-05,Jalen Brunson,4,1,92,97,92,97,0,San Antonio Spurs,New York Knicks,SAN,NYK,New York Knicks,San Antonio Spurs,Playoffs,NBA Finals,2,0-1,3,Cutting Finger Roll Layup Shot,4:01,4.016666666666667,,,San Antonio Spurs,winning
188,160,0,Pullup Jump shot,3,25,MISS Brunson 25' 3PT Pullup Jump Shot,4,,2026-06-05,Jalen Brunson,3,26,95,97,95,97,0,San Antonio Spurs,New York Knicks,SAN,NYK,New York Knicks,San Antonio Spurs,Playoffs,NBA Finals,2,0-1,25,Pullup Jump shot,3:26,3.4333333333333336,,,San Antonio Spurs,winning
178,165,0,Jump Shot,3,24,MISS Brunson 24' 3PT Jump Shot,4,,2026-06-05,Jalen Brunson,3,13,95,97,95,97,0,San Antonio Spurs,New York Knicks,SAN,NYK,New York Knicks,San Antonio Spurs,Playoffs,NBA Finals,2,0-1,24,Jump Shot,3:13,3.216666666666667,,,San Antonio Spurs,winning
-15,2,1,Cutting Layup Shot,2,2,Brunson 2' Cutting Layup Shot (17 PTS) (Bridges 6 AST),4,,2026-06-05,Jalen Brunson,1,56,99,102,99,100,0,San Antonio Spurs,New York Knicks,SAN,NYK,New York Knicks,San Antonio Spurs,Playoffs,NBA Finals,2,0-1,2,Cutting Layup Shot,1:56,1.9333333333333333,,,San Antonio Spurs,winning
-18,-8,0,Running Finger Roll Layup Shot,2,2,MISS Brunson 2' Running Finger Roll Layup,4,,2026-06-05,Jalen Brunson,1,29,99,102,99,102,0,San Antonio Spurs,New York Knicks,SAN,NYK,New York Knicks,San Antonio Spurs,Playoffs,NBA Finals,2,0-1,2,Running Finger Roll Layup Shot,1:29,1.4833333333333334,,,San Antonio Spurs,winning
66,112,1,Fadeaway Jump Shot,2,13,Brunson 13' Fadeaway Jumper (19 PTS),4,,2026-06-05,Jalen Brunson,0,39.29999923706055,104,104,104,102,0,San Antonio Spurs,New York Knicks,SAN,NYK,New York Knicks,San Antonio Spurs,Playoffs,NBA Finals,2,0-1,13,Fadeaway Jump Shot,0:39,0.6549999872843425,,,San Antonio Spurs,losing
81,138,0,Pullup Jump shot,2,16,MISS Brunson 16' Pullup Jump Shot,4,,2026-06-05,Jalen Brunson,0,13.5,104,104,104,104,0,San Antonio Spurs,New York Knicks,SAN,NYK,New York Knicks,San Antonio Spurs,Playoffs,NBA Finals,2,0-1,16,Pullup Jump shot,0:13,0.225,,,San Antonio Spurs,tied
-15,80,0,Pullup Jump shot,2,8,MISS Brunson 8' Pullup Jump Shot,1,,2026-06-08,Jalen Brunson,11,30,0,0,0,0,1,New York Knicks,San Antonio Spurs,NYK,SAN,New York Knicks,San Antonio Spurs,Playoffs,NBA Finals,3,2-0,8,Pullup Jump shot,11:30,11.5,,,San Antonio Spurs,tied
59,44,1,Turnaround Fadeaway Bank Jump Shot,2,7,Brunson 7' Turnaround Fadeaway Bank Jump Shot (2 PTS),1,,2026-06-08,Jalen Brunson,9,0,5,9,3,9,1,New York Knicks,San Antonio Spurs,NYK,SAN,New York Knicks,San Antonio Spurs,Playoffs,NBA Finals,3,2-0,7,Turnaround Fadeaway Bank Jump Shot,9:00,9,,,San Antonio Spurs,losing
-20,264,0,Pullup Jump shot,3,26,MISS Brunson 26' 3PT Pullup Jump Shot,1,,2026-06-08,Jalen Brunson,5,32,11,21,11,21,1,New York Knicks,San Antonio Spurs,NYK,SAN,New York Knicks,San Antonio Spurs,Playoffs,NBA Finals,3,2-0,26,Pullup Jump shot,5:32,5.533333333333333,,,San Antonio Spurs,losing
25,76,0,Fadeaway Jump Shot,2,8,MISS Brunson 8' Fadeaway Jumper,1,,2026-06-08,Jalen Brunson,2,32,17,26,17,26,1,New York Knicks,San Antonio Spurs,NYK,SAN,New York Knicks,San Antonio Spurs,Playoffs,NBA Finals,3,2-0,8,Fadeaway Jump Shot,2:32,2.533333333333333,,,San Antonio Spurs,losing
-15,7,1,Driving Layup Shot,2,2,Brunson 2' Driving Layup (5 PTS),1,,2026-06-08,Jalen Brunson,2,6,19,28,17,28,1,New York Knicks,San Antonio Spurs,NYK,SAN,New York Knicks,San Antonio Spurs,Playoffs,NBA Finals,3,2-0,2,Driving Layup Shot,2:06,2.1,,,San Antonio Spurs,losing
44,74,0,Hook Shot,2,9,MISS Brunson 9' Hook Shot,1,,2026-06-08,Jalen Brunson,0,49.099998474121094,21,33,21,33,1,New York Knicks,San Antonio Spurs,NYK,SAN,New York Knicks,San Antonio Spurs,Playoffs,NBA Finals,3,2-0,9,Hook Shot,0:49,0.8183333079020182,,,San Antonio Spurs,losing
92,32,0,Step Back Jump shot,2,10,MISS Brunson 10' Step Back Jump Shot,1,,2026-06-08,Jalen Brunson,0,10,22,33,22,33,1,New York Knicks,San Antonio Spurs,NYK,SAN,New York Knicks,San Antonio Spurs,Playoffs,NBA Finals,3,2-0,10,Step Back Jump shot,0:10,0.16666666666666666,,,San Antonio Spurs,losing
5,11,1,Driving Bank Hook Shot,2,1,Brunson 1' Driving Bank Hook Shot (7 PTS),2,,2026-06-08,Jalen Brunson,5,42,42,45,40,45,1,New York Knicks,San Antonio Spurs,NYK,SAN,New York Knicks,San Antonio Spurs,Playoffs,NBA Finals,3,2-0,1,Driving Bank Hook Shot,5:42,5.7,,,San Antonio Spurs,losing
167,199,1,Jump Shot,3,26,Brunson 26' 3PT Jump Shot (10 PTS) (Hart 1 AST),2,,2026-06-08,Jalen Brunson,4,18,50,49,47,49,1,New York Knicks,San Antonio Spurs,NYK,SAN,New York Knicks,San Antonio Spurs,Playoffs,NBA Finals,3,2-0,26,Jump Shot,4:18,4.3,,,San Antonio Spurs,losing
-33,144,0,Driving Floating Jump Shot,2,15,MISS Brunson 15' Driving Floating Jump Shot,2,,2026-06-08,Jalen Brunson,3,31,50,52,50,52,1,New York Knicks,San Antonio Spurs,NYK,SAN,New York Knicks,San Antonio Spurs,Playoffs,NBA Finals,3,2-0,15,Driving Floating Jump Shot,3:31,3.5166666666666666,,,San Antonio Spurs,losing
-91,268,1,Jump Shot,3,28,Brunson 28' 3PT Jump Shot (15 PTS) (Hart 3 AST),2,,2026-06-08,Jalen Brunson,0,41,62,57,59,57,1,New York Knicks,San Antonio Spurs,NYK,SAN,New York Knicks,San Antonio Spurs,Playoffs,NBA Finals,3,2-0,28,Jump Shot,0:41,0.6833333333333333,,,San Antonio Spurs,winning
99,77,0,Driving Floating Jump Shot,2,13,MISS Brunson 13' Driving Floating Jump Shot,3,,2026-06-08,Jalen Brunson,10,21,64,63,64,63,1,New York Knicks,San Antonio Spurs,NYK,SAN,New York Knicks,San Antonio Spurs,Playoffs,NBA Finals,3,2-0,13,Driving Floating Jump Shot,10:21,10.35,,,San Antonio Spurs,winning
-65,21,1,Fadeaway Jump Shot,2,7,Brunson 7' Fadeaway Jumper (17 PTS),3,,2026-06-08,Jalen Brunson,10,16,66,63,64,63,1,New York Knicks,San Antonio Spurs,NYK,SAN,New York Knicks,San Antonio Spurs,Playoffs,NBA Finals,3,2-0,7,Fadeaway Jump Shot,10:16,10.266666666666667,,,San Antonio Spurs,winning
34,129,1,Pullup Jump shot,2,13,Brunson 13' Pullup Jump Shot (19 PTS),3,,2026-06-08,Jalen Brunson,8,10,70,67,68,67,1,New York Knicks,San Antonio Spurs,NYK,SAN,New York Knicks,San Antonio Spurs,Playoffs,NBA Finals,3,2-0,13,Pullup Jump shot,8:10,8.166666666666666,,,San Antonio Spurs,winning
-53,10,0,Driving Floating Jump Shot,2,5,MISS Brunson 5' Driving Floating Jump Shot,3,,2026-06-08,Jalen Brunson,7,34,71,69,71,69,1,New York Knicks,San Antonio Spurs,NYK,SAN,New York Knicks,San Antonio Spurs,Playoffs,NBA Finals,3,2-0,5,Driving Floating Jump Shot,7:34,7.566666666666666,,,San Antonio Spurs,winning
-104,126,0,Pullup Jump shot,2,16,MISS Brunson 16' Pullup Jump Shot,3,,2026-06-08,Jalen Brunson,5,50,76,74,76,74,1,New York Knicks,San Antonio Spurs,NYK,SAN,New York Knicks,San Antonio Spurs,Playoffs,NBA Finals,3,2-0,16,Pullup Jump shot,5:50,5.833333333333333,,,San Antonio Spurs,winning
168,194,0,Pullup Jump shot,3,26,MISS Brunson 26' 3PT Pullup Jump Shot,3,,2026-06-08,Jalen Brunson,4,52,76,79,76,79,1,New York Knicks,San Antonio Spurs,NYK,SAN,New York Knicks,San Antonio Spurs,Playoffs,NBA Finals,3,2-0,26,Pullup Jump shot,4:52,4.866666666666667,,,San Antonio Spurs,losing
9,105,0,Driving Floating Jump Shot,2,11,MISS Brunson 11' Driving Floating Jump Shot,3,,2026-06-08,Jalen Brunson,4,38,76,79,76,79,1,New York Knicks,San Antonio Spurs,NYK,SAN,New York Knicks,San Antonio Spurs,Playoffs,NBA Finals,3,2-0,11,Driving Floating Jump Shot,4:38,4.633333333333333,,,San Antonio Spurs,losing
15,8,0,Driving Finger Roll Layup Shot,2,2,MISS Brunson 2' Driving Finger Roll Layup,4,,2026-06-08,Jalen Brunson,8,31,91,98,91,98,1,New York Knicks,San Antonio Spurs,NYK,SAN,New York Knicks,San Antonio Spurs,Playoffs,NBA Finals,3,2-0,2,Driving Finger Roll Layup Shot,8:31,8.516666666666667,,,San Antonio Spurs,losing
-12,10,1,Driving Layup Shot,2,2,Brunson 2' Driving Layup (22 PTS),4,,2026-06-08,Jalen Brunson,7,31,95,100,93,100,1,New York Knicks,San Antonio Spurs,NYK,SAN,New York Knicks,San Antonio Spurs,Playoffs,NBA Finals,3,2-0,2,Driving Layup Shot,7:31,7.516666666666667,,,San Antonio Spurs,losing
2,35,1,Driving Floating Bank Jump Shot,2,4,Brunson 4' Driving Floating Bank Jump Shot (24 PTS),4,,2026-06-08,Jalen Brunson,5,54,99,104,97,104,1,New York Knicks,San Antonio Spurs,NYK,SAN,New York Knicks,San Antonio Spurs,Playoffs,NBA Finals,3,2-0,4,Driving Floating Bank Jump Shot,5:54,5.9,,,San Antonio Spurs,losing
-38,35,0,Pullup Jump shot,2,5,MISS Brunson 5' Pullup Jump Shot,4,,2026-06-08,Jalen Brunson,4,39,100,108,100,108,1,New York Knicks,San Antonio Spurs,NYK,SAN,New York Knicks,San Antonio Spurs,Playoffs,NBA Finals,3,2-0,5,Pullup Jump shot,4:39,4.65,,,San Antonio Spurs,losing
107,150,1,Pullup Jump shot,2,18,Brunson 18' Pullup Jump Shot (29 PTS) (Bridges 2 AST),4,,2026-06-08,Jalen Brunson,2,22,104,108,102,108,1,New York Knicks,San Antonio Spurs,NYK,SAN,New York Knicks,San Antonio Spurs,Playoffs,NBA Finals,3,2-0,18,Pullup Jump shot,2:22,2.3666666666666667,,,San Antonio Spurs,losing
-91,232,1,Running Pull-Up Jump Shot,3,25,Brunson 25' 3PT Running Pull-Up Jump Shot (32 PTS),4,,2026-06-08,Jalen Brunson,0,33.70000076293945,108,111,105,111,1,New York Knicks,San Antonio Spurs,NYK,SAN,New York Knicks,San Antonio Spurs,Playoffs,NBA Finals,3,2-0,25,Running Pull-Up Jump Shot,0:33,0.5616666793823242,,,San Antonio Spurs,losing
58,170,0,Step Back Jump shot,2,18,MISS Brunson 18' Step Back Jump Shot,1,,2026-06-10,Jalen Brunson,9,52,2,7,2,7,1,New York Knicks,San Antonio Spurs,NYK,SAN,New York Knicks,San Antonio Spurs,Playoffs,NBA Finals,4,2-1,18,Step Back Jump shot,9:52,9.866666666666667,,,San Antonio Spurs,losing
-10,36,0,Driving Hook Shot,2,4,MISS Brunson 4' Driving Hook Shot,1,,2026-06-10,Jalen Brunson,9,2,2,12,2,12,1,New York Knicks,San Antonio Spurs,NYK,SAN,New York Knicks,San Antonio Spurs,Playoffs,NBA Finals,4,2-1,4,Driving Hook Shot,9:02,9.033333333333333,,,San Antonio Spurs,losing
82,11,0,Pullup Jump shot,2,8,MISS Brunson 8' Pullup Jump Shot,1,,2026-06-10,Jalen Brunson,5,1,14,25,14,25,1,New York Knicks,San Antonio Spurs,NYK,SAN,New York Knicks,San Antonio Spurs,Playoffs,NBA Finals,4,2-1,8,Pullup Jump shot,5:01,5.016666666666667,,,San Antonio Spurs,losing
102,20,0,Step Back Jump shot,2,10,MISS Brunson 10' Step Back Jump Shot,2,,2026-06-10,Jalen Brunson,10,29,25,48,25,48,1,New York Knicks,San Antonio Spurs,NYK,SAN,New York Knicks,San Antonio Spurs,Playoffs,NBA Finals,4,2-1,10,Step Back Jump shot,10:29,10.483333333333333,,,San Antonio Spurs,losing
-11,10,1,Running Layup Shot,2,1,Brunson 1' Running Layup (6 PTS),2,,2026-06-10,Jalen Brunson,9,58,30,48,28,48,1,New York Knicks,San Antonio Spurs,NYK,SAN,New York Knicks,San Antonio Spurs,Playoffs,NBA Finals,4,2-1,1,Running Layup Shot,9:58,9.966666666666667,,,San Antonio Spurs,losing
60,115,1,Driving Floating Jump Shot,2,13,Brunson 13' Driving Floating Jump Shot (8 PTS),2,,2026-06-10,Jalen Brunson,8,56,32,54,30,54,1,New York Knicks,San Antonio Spurs,NYK,SAN,New York Knicks,San Antonio Spurs,Playoffs,NBA Finals,4,2-1,13,Driving Floating Jump Shot,8:56,8.933333333333334,,,San Antonio Spurs,losing
9,-9,1,Running Finger Roll Layup Shot,2,1,Brunson 1' Running Finger Roll Layup (10 PTS),2,,2026-06-10,Jalen Brunson,6,35,36,59,34,59,1,New York Knicks,San Antonio Spurs,NYK,SAN,New York Knicks,San Antonio Spurs,Playoffs,NBA Finals,4,2-1,1,Running Finger Roll Layup Shot,6:35,6.583333333333333,,,San Antonio Spurs,losing
11,5,1,Running Finger Roll Layup Shot,2,1,Brunson 1' Running Finger Roll Layup (12 PTS),2,,2026-06-10,Jalen Brunson,6,11,38,59,36,59,1,New York Knicks,San Antonio Spurs,NYK,SAN,New York Knicks,San Antonio Spurs,Playoffs,NBA Finals,4,2-1,1,Running Finger Roll Layup Shot,6:11,6.183333333333334,,,San Antonio Spurs,losing
66,78,0,Driving Floating Jump Shot,2,10,MISS Brunson 10' Driving Floating Jump Shot,2,,2026-06-10,Jalen Brunson,5,28,38,62,38,62,1,New York Knicks,San Antonio Spurs,NYK,SAN,New York Knicks,San Antonio Spurs,Playoffs,NBA Finals,4,2-1,10,Driving Floating Jump Shot,5:28,5.466666666666667,,,San Antonio Spurs,losing
17,267,0,Pullup Jump shot,3,27,MISS Brunson 27' 3PT Pullup Jump Shot,2,,2026-06-10,Jalen Brunson,3,28,42,69,42,69,1,New York Knicks,San Antonio Spurs,NYK,SAN,New York Knicks,San Antonio Spurs,Playoffs,NBA Finals,4,2-1,27,Pullup Jump shot,3:28,3.466666666666667,,,San Antonio Spurs,losing
227,33,0,Jump Shot,3,,MISS Brunson 3PT Jump Shot,2,,2026-06-10,Jalen Brunson,3,15,42,69,42,69,1,New York Knicks,San Antonio Spurs,NYK,SAN,New York Knicks,San Antonio Spurs,Playoffs,NBA Finals,4,2-1,22.938613733179256,Jump Shot,3:15,3.25,,,San Antonio Spurs,losing
-127,211,1,Jump Shot,3,25,Brunson 25' 3PT Jump Shot (16 PTS) (Hart 3 AST),2,,2026-06-10,Jalen Brunson,2,21,46,71,43,71,1,New York Knicks,San Antonio Spurs,NYK,SAN,New York Knicks,San Antonio Spurs,Playoffs,NBA Finals,4,2-1,25,Jump Shot,2:21,2.35,,,San Antonio Spurs,losing
34,60,1,Pullup Jump shot,2,7,Brunson 7' Pullup Jump Shot (19 PTS),2,,2026-06-10,Jalen Brunson,1,16,49,73,47,73,1,New York Knicks,San Antonio Spurs,NYK,SAN,New York Knicks,San Antonio Spurs,Playoffs,NBA Finals,4,2-1,7,Pullup Jump shot,1:16,1.2666666666666666,,,San Antonio Spurs,losing
-9,99,0,Running Pull-Up Jump Shot,2,10,MISS Brunson 10' Running Pull-Up Jump Shot,2,,2026-06-10,Jalen Brunson,0,26.200000762939453,49,76,49,76,1,New York Knicks,San Antonio Spurs,NYK,SAN,New York Knicks,San Antonio Spurs,Playoffs,NBA Finals,4,2-1,10,Running Pull-Up Jump Shot,0:26,0.43666667938232423,,,San Antonio Spurs,losing
-180,178,0,Jump Shot,3,25,MISS Brunson 25' 3PT Jump Shot,3,,2026-06-10,Jalen Brunson,9,18,54,81,54,81,1,New York Knicks,San Antonio Spurs,NYK,SAN,New York Knicks,San Antonio Spurs,Playoffs,NBA Finals,4,2-1,25,Jump Shot,9:18,9.3,,,San Antonio Spurs,losing
110,226,1,Pullup Jump shot,3,25,Brunson 25' 3PT Pullup Jump Shot (22 PTS) (Bridges 1 AST),3,,2026-06-10,Jalen Brunson,8,23,59,81,56,81,1,New York Knicks,San Antonio Spurs,NYK,SAN,New York Knicks,San Antonio Spurs,Playoffs,NBA Finals,4,2-1,25,Pullup Jump shot,8:23,8.383333333333333,,,San Antonio Spurs,losing
85,95,0,Fadeaway Jump Shot,2,13,MISS Brunson 13' Fadeaway Jumper,3,,2026-06-10,Jalen Brunson,7,44,59,81,59,81,1,New York Knicks,San Antonio Spurs,NYK,SAN,New York Knicks,San Antonio Spurs,Playoffs,NBA Finals,4,2-1,13,Fadeaway Jump Shot,7:44,7.733333333333333,,,San Antonio Spurs,losing
115,179,1,Driving Floating Jump Shot,2,21,Brunson 21' Driving Floating Jump Shot (24 PTS),3,,2026-06-10,Jalen Brunson,3,52,67,85,65,85,1,New York Knicks,San Antonio Spurs,NYK,SAN,New York Knicks,San Antonio Spurs,Playoffs,NBA Finals,4,2-1,21,Driving Floating Jump Shot,3:52,3.8666666666666667,,,San Antonio Spurs,losing
107,147,1,Step Back Jump shot,2,18,Brunson 18' Step Back Jump Shot (27 PTS),3,,2026-06-10,Jalen Brunson,3,13,70,87,68,87,1,New York Knicks,San Antonio Spurs,NYK,SAN,New York Knicks,San Antonio Spurs,Playoffs,NBA Finals,4,2-1,18,Step Back Jump shot,3:13,3.216666666666667,,,San Antonio Spurs,losing
11,15,1,Driving Finger Roll Layup Shot,2,2,Brunson 2' Driving Finger Roll Layup (31 PTS) (Towns 2 AST),4,,2026-06-10,Jalen Brunson,5,20,92,99,90,99,1,New York Knicks,San Antonio Spurs,NYK,SAN,New York Knicks,San Antonio Spurs,Playoffs,NBA Finals,4,2-1,2,Driving Finger Roll Layup Shot,5:20,5.333333333333333,,,San Antonio Spurs,losing
184,194,1,Pullup Jump shot,3,27,Brunson 27' 3PT Pullup Jump Shot (34 PTS) (Alvarado 3 AST),4,,2026-06-10,Jalen Brunson,2,21,103,104,100,104,1,New York Knicks,San Antonio Spurs,NYK,SAN,New York Knicks,San Antonio Spurs,Playoffs,NBA Finals,4,2-1,27,Pullup Jump shot,2:21,2.35,,,San Antonio Spurs,losing
-11,58,1,Driving Floating Jump Shot,2,6,Brunson 6' Driving Floating Jump Shot (36 PTS),4,,2026-06-10,Jalen Brunson,1,22,105,104,103,104,1,New York Knicks,San Antonio Spurs,NYK,SAN,New York Knicks,San Antonio Spurs,Playoffs,NBA Finals,4,2-1,6,Driving Floating Jump Shot,1:22,1.3666666666666667,,,San Antonio Spurs,losing
-118,24,0,Fadeaway Jump Shot,2,12,MISS Brunson 12' Fadeaway Jumper,4,,2026-06-10,Jalen Brunson,0,39.20000076293945,105,104,105,104,1,New York Knicks,San Antonio Spurs,NYK,SAN,New York Knicks,San Antonio Spurs,Playoffs,NBA Finals,4,2-1,12,Fadeaway Jump Shot,0:39,0.6533333460489908,,,San Antonio Spurs,winning
51,20,0,Driving Floating Bank Jump Shot,2,5,MISS Brunson 5' Driving Floating Bank Jump Shot,4,,2026-06-10,Jalen Brunson,0,16.100000381469727,105,106,105,106,1,New York Knicks,San Antonio Spurs,NYK,SAN,New York Knicks,San Antonio Spurs,Playoffs,NBA Finals,4,2-1,5,Driving Floating Bank Jump Shot,0:16,0.26833333969116213,,,San Antonio Spurs,losing
82,298,0,Pullup Jump shot,3,31,MISS Brunson 31' 3PT Pullup Jump Shot,4,,2026-06-10,Jalen Brunson,0,4.400000095367432,105,106,105,106,1,New York Knicks,San Antonio Spurs,NYK,SAN,New York Knicks,San Antonio Spurs,Playoffs,NBA Finals,4,2-1,31,Pullup Jump shot,0:04,0.07333333492279052,,,San Antonio Spurs,losing
36,68,0,Driving Floating Jump Shot,2,8,MISS Brunson 8' Driving Floating Jump Shot,1,,2026-06-13,Jalen Brunson,11,35,0,0,0,0,0,San Antonio Spurs,New York Knicks,SAN,NYK,New York Knicks,San Antonio Spurs,Playoffs,NBA Finals,5,1-3,8,Driving Floating Jump Shot,11:35,11.583333333333334,,,San Antonio Spurs,tied
173,187,1,Pullup Jump shot,3,25,Brunson 25' 3PT Pullup Jump Shot (3 PTS) (Bridges 1 AST),1,,2026-06-13,Jalen Brunson,9,30,2,3,2,0,0,San Antonio Spurs,New York Knicks,SAN,NYK,New York Knicks,San Antonio Spurs,Playoffs,NBA Finals,5,1-3,25,Pullup Jump shot,9:30,9.5,,,San Antonio Spurs,losing
-141,-5,0,Step Back Jump shot,2,14,MISS Brunson 14' Step Back Jump Shot,1,,2026-06-13,Jalen Brunson,5,53,11,8,11,8,0,San Antonio Spurs,New York Knicks,SAN,NYK,New York Knicks,San Antonio Spurs,Playoffs,NBA Finals,5,1-3,14,Step Back Jump shot,5:53,5.883333333333333,,,San Antonio Spurs,losing
36,66,0,Driving Floating Jump Shot,2,8,MISS Brunson 8' Driving Floating Jump Shot,1,,2026-06-13,Jalen Brunson,3,20,15,8,15,8,0,San Antonio Spurs,New York Knicks,SAN,NYK,New York Knicks,San Antonio Spurs,Playoffs,NBA Finals,5,1-3,8,Driving Floating Jump Shot,3:20,3.3333333333333335,,,San Antonio Spurs,losing
109,36,1,Step Back Jump shot,2,11,Brunson 11' Step Back Jump Shot (5 PTS),1,,2026-06-13,Jalen Brunson,2,14,18,10,18,8,0,San Antonio Spurs,New York Knicks,SAN,NYK,New York Knicks,San Antonio Spurs,Playoffs,NBA Finals,5,1-3,11,Step Back Jump shot,2:14,2.2333333333333334,,,San Antonio Spurs,losing
136,235,1,Pullup Jump shot,3,27,Brunson 27' 3PT Pullup Jump Shot (8 PTS),1,,2026-06-13,Jalen Brunson,1,0,20,13,20,10,0,San Antonio Spurs,New York Knicks,SAN,NYK,New York Knicks,San Antonio Spurs,Playoffs,NBA Finals,5,1-3,27,Pullup Jump shot,1:00,1,,,San Antonio Spurs,losing
-25,10,0,Driving Layup Shot,2,3,MISS Brunson 3' Driving Layup,2,,2026-06-13,Jalen Brunson,6,51,31,18,31,18,0,San Antonio Spurs,New York Knicks,SAN,NYK,New York Knicks,San Antonio Spurs,Playoffs,NBA Finals,5,1-3,3,Driving Layup Shot,6:51,6.85,,,San Antonio Spurs,losing
-81,10,0,Driving Floating Jump Shot,2,8,MISS Brunson 8' Driving Floating Jump Shot,2,,2026-06-13,Jalen Brunson,5,47,33,21,33,21,0,San Antonio Spurs,New York Knicks,SAN,NYK,New York Knicks,San Antonio Spurs,Playoffs,NBA Finals,5,1-3,8,Driving Floating Jump Shot,5:47,5.783333333333333,,,San Antonio Spurs,losing
-164,204,1,Jump Shot,3,26,Brunson 26' 3PT Jump Shot (11 PTS),2,,2026-06-13,Jalen Brunson,5,28,33,24,33,21,0,San Antonio Spurs,New York Knicks,SAN,NYK,New York Knicks,San Antonio Spurs,Playoffs,NBA Finals,5,1-3,26,Jump Shot,5:28,5.466666666666667,,,San Antonio Spurs,losing
-50,95,1,Pullup Jump shot,2,11,Brunson 11' Pullup Jump Shot (13 PTS),2,,2026-06-13,Jalen Brunson,4,44,35,26,35,24,0,San Antonio Spurs,New York Knicks,SAN,NYK,New York Knicks,San Antonio Spurs,Playoffs,NBA Finals,5,1-3,11,Pullup Jump shot,4:44,4.733333333333333,,,San Antonio Spurs,losing
-191,78,1,Jump Shot,2,21,Brunson 21' Jump Shot (15 PTS),2,,2026-06-13,Jalen Brunson,4,6,35,28,35,26,0,San Antonio Spurs,New York Knicks,SAN,NYK,New York Knicks,San Antonio Spurs,Playoffs,NBA Finals,5,1-3,21,Jump Shot,4:06,4.1,,,San Antonio Spurs,losing
-168,201,0,Running Pull-Up Jump Shot,3,26,MISS Brunson 26' 3PT Running Pull-Up Jump Shot,2,,2026-06-13,Jalen Brunson,1,37,40,32,40,32,0,San Antonio Spurs,New York Knicks,SAN,NYK,New York Knicks,San Antonio Spurs,Playoffs,NBA Finals,5,1-3,26,Running Pull-Up Jump Shot,1:37,1.6166666666666667,,,San Antonio Spurs,losing
-44,117,1,Pullup Jump shot,2,13,Brunson 13' Pullup Jump Shot (18 PTS) (Robinson 2 AST),3,,2026-06-13,Jalen Brunson,10,22,45,41,45,39,0,San Antonio Spurs,New York Knicks,SAN,NYK,New York Knicks,San Antonio Spurs,Playoffs,NBA Finals,5,1-3,13,Pullup Jump shot,10:22,10.366666666666667,,,San Antonio Spurs,losing
108,237,0,Pullup Jump shot,3,26,MISS Brunson 26' 3PT Pullup Jump Shot,3,,2026-06-13,Jalen Brunson,9,59,45,41,45,41,0,San Antonio Spurs,New York Knicks,SAN,NYK,New York Knicks,San Antonio Spurs,Playoffs,NBA Finals,5,1-3,26,Pullup Jump shot,9:59,9.983333333333333,,,San Antonio Spurs,losing
54,160,1,Pullup Jump shot,2,17,Brunson 17' Pullup Jump Shot (20 PTS),3,,2026-06-13,Jalen Brunson,8,6,53,46,53,44,0,San Antonio Spurs,New York Knicks,SAN,NYK,New York Knicks,San Antonio Spurs,Playoffs,NBA Finals,5,1-3,17,Pullup Jump shot,8:06,8.1,,,San Antonio Spurs,losing
-31,6,1,Driving Finger Roll Layup Shot,2,3,Brunson 3' Driving Finger Roll Layup (22 PTS) (Hart 1 AST),3,,2026-06-13,Jalen Brunson,7,12,55,48,55,46,0,San Antonio Spurs,New York Knicks,SAN,NYK,New York Knicks,San Antonio Spurs,Playoffs,NBA Finals,5,1-3,3,Driving Finger Roll Layup Shot,7:12,7.2,,,San Antonio Spurs,losing
11,264,0,Jump Shot,3,26,MISS Brunson 26' 3PT Jump Shot,3,,2026-06-13,Jalen Brunson,6,49,55,48,55,48,0,San Antonio Spurs,New York Knicks,SAN,NYK,New York Knicks,San Antonio Spurs,Playoffs,NBA Finals,5,1-3,26,Jump Shot,6:49,6.816666666666666,,,San Antonio Spurs,losing
-94,252,1,Pullup Jump shot,3,27,Brunson 27' 3PT Pullup Jump Shot (25 PTS),3,,2026-06-13,Jalen Brunson,5,29,59,53,59,50,0,San Antonio Spurs,New York Knicks,SAN,NYK,New York Knicks,San Antonio Spurs,Playoffs,NBA Finals,5,1-3,27,Pullup Jump shot,5:29,5.483333333333333,,,San Antonio Spurs,losing
60,127,0,Turnaround Jump Shot,2,14,MISS Brunson 14' Turnaround Jump Shot,3,,2026-06-13,Jalen Brunson,4,3,65,53,65,53,0,San Antonio Spurs,New York Knicks,SAN,NYK,New York Knicks,San Antonio Spurs,Playoffs,NBA Finals,5,1-3,14,Turnaround Jump Shot,4:03,4.05,,,San Antonio Spurs,losing
-11,18,0,Running Finger Roll Layup Shot,2,2,MISS Brunson 2' Running Finger Roll Layup,3,,2026-06-13,Jalen Brunson,1,36,70,58,70,58,0,San Antonio Spurs,New York Knicks,SAN,NYK,New York Knicks,San Antonio Spurs,Playoffs,NBA Finals,5,1-3,2,Running Finger Roll Layup Shot,1:36,1.6,,,San Antonio Spurs,losing
-2,95,0,Fadeaway Jump Shot,2,10,MISS Brunson 10' Fadeaway Jumper,3,,2026-06-13,Jalen Brunson,0,5.099999904632568,72,63,72,63,0,San Antonio Spurs,New York Knicks,SAN,NYK,New York Knicks,San Antonio Spurs,Playoffs,NBA Finals,5,1-3,10,Fadeaway Jump Shot,0:05,0.0849999984105428,,,San Antonio Spurs,losing
-17,6,1,Driving Finger Roll Layup Shot,2,2,Brunson 2' Driving Finger Roll Layup (34 PTS),4,,2026-06-13,Jalen Brunson,7,14,83,77,83,75,0,San Antonio Spurs,New York Knicks,SAN,NYK,New York Knicks,San Antonio Spurs,Playoffs,NBA Finals,5,1-3,2,Driving Finger Roll Layup Shot,7:14,7.233333333333333,,,San Antonio Spurs,losing
11,6,1,Driving Finger Roll Layup Shot,2,1,Brunson 1' Driving Finger Roll Layup (36 PTS),4,,2026-06-13,Jalen Brunson,6,28,83,79,83,77,0,San Antonio Spurs,New York Knicks,SAN,NYK,New York Knicks,San Antonio Spurs,Playoffs,NBA Finals,5,1-3,1,Driving Finger Roll Layup Shot,6:28,6.466666666666667,,,San Antonio Spurs,losing
-15,13,1,Running Finger Roll Layup Shot,2,2,Brunson 2' Running Finger Roll Layup (40 PTS),4,,2026-06-13,Jalen Brunson,4,48,83,83,83,81,0,San Antonio Spurs,New York Knicks,SAN,NYK,New York Knicks,San Antonio Spurs,Playoffs,NBA Finals,5,1-3,2,Running Finger Roll Layup Shot,4:48,4.8,,,San Antonio Spurs,losing
123,67,0,Turnaround Fadeaway shot,2,14,MISS Brunson 14' Turnaround Fadeaway Shot,4,,2026-06-13,Jalen Brunson,3,54,85,83,85,83,0,San Antonio Spurs,New York Knicks,SAN,NYK,New York Knicks,San Antonio Spurs,Playoffs,NBA Finals,5,1-3,14,Turnaround Fadeaway shot,3:54,3.9,,,San Antonio Spurs,losing
143,39,0,Step Back Jump shot,2,15,MISS Brunson 15' Step Back Jump Shot,4,,2026-06-13,Jalen Brunson,1,29,86,88,86,88,0,San Antonio Spurs,New York Knicks,SAN,NYK,New York Knicks,San Antonio Spurs,Playoffs,NBA Finals,5,1-3,15,Step Back Jump shot,1:29,1.4833333333333334,,,San Antonio Spurs,winning
-51,107,1,Driving Floating Jump Shot,2,12,Brunson 12' Driving Floating Jump Shot (45 PTS),4,,2026-06-13,Jalen Brunson,1,5,88,90,88,88,0,San Antonio Spurs,New York Knicks,SAN,NYK,New York Knicks,San Antonio Spurs,Playoffs,NBA Finals,5,1-3,12,Driving Floating Jump Shot,1:05,1.0833333333333333,,,San Antonio Spurs,tied
