gamePk,gameDate,season,seasonType,atBatNumber,inning,halfInning,batterId,batterName,pitcherId,pitcherName,pitchHand,pitchNumber,playId,balls,strikes,outs,launchSpeed,launchAngle,totalDistance,trajectory,hitCoordX,hitCoordY,onFirstId,onSecondId,onThirdId,event,rbi,awayScore,homeScore,isOut,away,home
823974,2026-03-26,2026,Regular Season,5,1,bottom,660271,Shohei Ohtani,668678,Zac Gallen,R,5,edb0bd25-64e3-39a6-86e8-d9bf09579538,2,2,0,111.1,13.0,231.0,line_drive,186.68,99.14,,,,Single,0,0,0,false,Arizona Diamondbacks,Los Angeles Dodgers
823974,2026-03-26,2026,Regular Season,21,3,bottom,660271,Shohei Ohtani,668678,Zac Gallen,R,3,cf814808-eb2e-3446-91dd-664b107bd237,1,1,1,100.1,25.0,356.0,fly_ball,65.84,68.44,,,,Flyout,0,0,0,true,Arizona Diamondbacks,Los Angeles Dodgers
823974,2026-03-26,2026,Regular Season,66,8,bottom,660271,Shohei Ohtani,694851,Andrew Hoffmann,R,5,e508996a-2c85-3615-908d-226346251bdc,3,1,1,103.8,52.0,286.0,fly_ball,126.99,92.07,681624,,,Flyout,0,2,8,true,Arizona Diamondbacks,Los Angeles Dodgers
823971,2026-03-27,2026,Regular Season,40,5,bottom,660271,Shohei Ohtani,669194,Ryne Nelson,R,5,c193accd-3528-36be-871d-1a7efc92aa6b,2,2,1,82.0,-7.0,21.0,ground_ball,151.62,147.19,,,,Groundout,0,4,4,true,Arizona Diamondbacks,Los Angeles Dodgers
823971,2026-03-27,2026,Regular Season,61,8,bottom,660271,Shohei Ohtani,656464,Kevin Ginkel,R,5,e57a85cd-163f-390d-8594-66768473d181,2,2,0,87.3,-26.0,8.0,ground_ball,153.44,153.85,,690976,,Groundout,0,4,4,true,Arizona Diamondbacks,Los Angeles Dodgers
823973,2026-03-28,2026,Regular Season,39,5,bottom,660271,Shohei Ohtani,593958,Eduardo Rodriguez,L,5,0b8142c8-16e1-326c-85d4-0cd8f55b4670,2,2,1,91.2,-25.0,6.0,ground_ball,152.43,151.12,500743,,,Grounded Into DP,0,2,0,true,Arizona Diamondbacks,Los Angeles Dodgers
823973,2026-03-28,2026,Regular Season,58,8,bottom,660271,Shohei Ohtani,666661,Juan Morillo,R,7,835eea7a-49d3-3220-87ed-76c1e193abe1,3,2,0,104.3,-8.0,20.0,ground_ball,158.77,160.29,,,,Groundout,0,2,1,true,Arizona Diamondbacks,Los Angeles Dodgers
823972,2026-03-30,2026,Regular Season,5,1,bottom,660271,Shohei Ohtani,800048,Parker Messick,L,2,bd32cfdd-92c5-3f71-bd3e-eb126d567b46,1,0,0,67.3,37.0,205.0,fly_ball,75.86,124.51,,,,Single,0,0,0,false,Cleveland Guardians,Los Angeles Dodgers
823972,2026-03-30,2026,Regular Season,23,3,bottom,660271,Shohei Ohtani,800048,Parker Messick,L,7,838c9ab7-9d5a-3131-bf0e-ad14bf6c5fce,3,2,1,92.3,22.0,326.0,line_drive,100.59,75.74,687221,,,Lineout,0,1,0,true,Cleveland Guardians,Los Angeles Dodgers
823972,2026-03-30,2026,Regular Season,64,8,bottom,660271,Shohei Ohtani,681870,Erik Sabrowski,L,4,de544eff-43f6-3e85-9d0d-ddd260621a28,1,2,2,90.0,34.0,325.0,fly_ball,110.71,69.77,,,,Flyout,0,4,0,true,Cleveland Guardians,Los Angeles Dodgers
823969,2026-03-31,2026,Regular Season,4,1,bottom,660271,Shohei Ohtani,676440,Tanner Bibee,R,3,3a6cff73-46a3-38f4-b644-92f56acd6f2f,0,2,0,71.7,6.0,73.0,ground_ball,110.64,151.12,,,,Groundout,0,0,0,true,Cleveland Guardians,Los Angeles Dodgers
823969,2026-03-31,2026,Regular Season,54,7,bottom,660271,Shohei Ohtani,663465,Kolby Allard,L,1,6bd8c751-fd1a-307a-afb8-d3e1b029c37f,0,0,1,94.1,-4.0,28.0,ground_ball,162.06,139.84,,,,Single,0,0,2,false,Cleveland Guardians,Los Angeles Dodgers
823970,2026-04-01,2026,Regular Season,41,6,bottom,660271,Shohei Ohtani,668909,Gavin Williams,R,1,ad58f143-f05b-32d4-ad2c-8e0017806b8d,0,0,0,91.4,-13.0,13.0,ground_ball,154.3,162.91,690976,681624,,Grounded Into DP,0,2,0,true,Cleveland Guardians,Los Angeles Dodgers
822758,2026-04-03,2026,Regular Season,20,3,top,660271,Shohei Ohtani,571945,Miles Mikolas,R,2,1307d4f4-d92a-3c08-a31a-24769ce15d5f,1,0,1,109.5,27.0,401.0,fly_ball,201.15,54.97,681624,606192,,Home Run,3,3,3,false,Los Angeles Dodgers,Washington Nationals
822758,2026-04-03,2026,Regular Season,34,4,top,660271,Shohei Ohtani,571945,Miles Mikolas,R,6,185e2992-b70f-3864-b397-a79d4d368adc,3,2,2,104.4,10.0,150.0,ground_ball,157.1,91.18,,,,Single,0,7,4,false,Los Angeles Dodgers,Washington Nationals
822758,2026-04-03,2026,Regular Season,65,7,top,660271,Shohei Ohtani,686610,Ken Waldichuk,L,3,469d1e14-b100-3d64-aff7-14db0f94b439,0,2,1,97.7,26.0,340.0,fly_ball,38.89,92.25,,,,Flyout,0,11,4,true,Los Angeles Dodgers,Washington Nationals
822758,2026-04-03,2026,Regular Season,85,9,top,660271,Shohei Ohtani,701552,Andre Granillo,R,2,2fb4e55c-f98c-3552-9067-853e196af4fe,1,0,0,98.5,30.0,381.0,fly_ball,104.74,46.77,690976,681624,669743,Sac Fly,1,13,6,true,Los Angeles Dodgers,Washington Nationals
822757,2026-04-04,2026,Regular Season,1,1,top,660271,Shohei Ohtani,663623,Jake Irvin,R,4,e50f8480-e8f3-3a47-b595-85a2ece09ce9,0,2,0,101.2,37.0,360.0,fly_ball,69.76,64.93,,,,Flyout,0,0,0,true,Los Angeles Dodgers,Washington Nationals
822757,2026-04-04,2026,Regular Season,14,2,top,660271,Shohei Ohtani,663623,Jake Irvin,R,1,6ca34941-cc6f-3518-a4c0-cdd63b949505,0,0,1,95.1,11.0,160.0,line_drive,181.35,117.64,,690976,,Single,0,2,0,false,Los Angeles Dodgers,Washington Nationals
822757,2026-04-04,2026,Regular Season,45,5,top,660271,Shohei Ohtani,695418,Brad Lord,R,5,33ee4a19-8841-361c-946d-9ce947a267e6,2,2,2,105.3,-3.0,23.0,ground_ball,146.74,97.46,,,,Single,0,9,2,false,Los Angeles Dodgers,Washington Nationals
822757,2026-04-04,2026,Regular Season,79,9,top,660271,Shohei Ohtani,669371,Cole Henry,R,5,f683c4a3-d19b-300a-b020-ce993eb9c378,2,2,2,97.2,-19.0,9.0,ground_ball,151.81,159.79,,681624,,Groundout,0,10,4,true,Los Angeles Dodgers,Washington Nationals
822756,2026-04-05,2026,Regular Season,18,3,top,660271,Shohei Ohtani,656492,Foster Griffin,L,4,47773541-b802-3928-8472-ed62409fce89,2,1,1,114.6,26.0,438.0,fly_ball,147.38,22.64,,,,Home Run,1,1,0,false,Los Angeles Dodgers,Washington Nationals
822756,2026-04-05,2026,Regular Season,39,5,top,660271,Shohei Ohtani,656492,Foster Griffin,L,4,fb7b50ae-250e-31cd-85cb-e3bfe9b988a8,1,2,1,94.9,18.0,249.0,line_drive,195.87,127.31,,,,Double,0,1,6,false,Los Angeles Dodgers,Washington Nationals
822756,2026-04-05,2026,Regular Season,56,7,top,660271,Shohei Ohtani,676571,PJ Poulin,L,2,6c4db3c4-fd29-3233-8b63-0ce6dd11c03a,0,1,0,92.9,-22.0,6.0,ground_ball,163.97,166.88,,,,Groundout,0,3,6,true,Los Angeles Dodgers,Washington Nationals
822756,2026-04-05,2026,Regular Season,69,8,top,660271,Shohei Ohtani,690925,Clayton Beeter,R,1,eade5d38-0fd5-3302-977b-338490becd44,0,0,1,102.1,30.0,344.0,fly_ball,81.34,68.14,663656,,669289,Sac Fly,1,7,6,true,Los Angeles Dodgers,Washington Nationals
822832,2026-04-06,2026,Regular Season,1,1,top,660271,Shohei Ohtani,453286,Max Scherzer,R,3,6d98dfbd-e4d3-325e-bcbb-ce4240601b38,0,2,0,89.5,19.0,297.0,line_drive,146.4,82.21,,,,Lineout,0,0,0,true,Los Angeles Dodgers,Toronto Blue Jays
822832,2026-04-06,2026,Regular Season,20,3,top,660271,Shohei Ohtani,676596,Josh Fleming,L,5,2bcb6e2f-2622-3dc3-bf83-7f3508c69139,2,2,0,46.2,-56.0,1.0,ground_ball,122.55,194.1,,,,Single,0,2,1,false,Los Angeles Dodgers,Toronto Blue Jays
822832,2026-04-06,2026,Regular Season,32,4,top,660271,Shohei Ohtani,676596,Josh Fleming,L,2,b9d9e3e9-bc83-3bda-bacb-fd5819ed27cc,1,0,0,100.3,42.0,341.0,fly_ball,150.33,64.27,808975,687221,,Flyout,0,4,1,true,Los Angeles Dodgers,Toronto Blue Jays
822832,2026-04-06,2026,Regular Season,49,6,top,660271,Shohei Ohtani,573009,Joe Mantiply,L,4,18e45224-86b9-3bf3-a9d9-42e4704da93f,2,1,0,107.8,25.0,414.0,fly_ball,108.08,32.68,,,,Home Run,1,7,1,false,Los Angeles Dodgers,Toronto Blue Jays
822831,2026-04-07,2026,Regular Season,17,3,top,660271,Shohei Ohtani,592332,Kevin Gausman,R,2,bf815061-04a2-3186-84e9-684c3f7d0c9e,1,0,0,105.2,22.0,359.0,fly_ball,199.82,74.15,690976,,808975,Single,1,1,0,false,Los Angeles Dodgers,Toronto Blue Jays
822831,2026-04-07,2026,Regular Season,32,5,top,660271,Shohei Ohtani,592332,Kevin Gausman,R,4,05e6b08a-1ba1-3cc9-be1c-3d94a5d4282a,0,2,0,86.4,30.0,327.0,fly_ball,192.41,100.81,690976,,,Flyout,0,3,0,true,Los Angeles Dodgers,Toronto Blue Jays
822831,2026-04-07,2026,Regular Season,50,7,top,660271,Shohei Ohtani,689254,Mason Fluharty,L,5,b5fcd801-f249-3822-b1a2-03d06048ebf7,3,1,0,72.3,42.0,224.0,fly_ball,83.19,121.34,,690976,,Flyout,0,3,1,true,Los Angeles Dodgers,Toronto Blue Jays
822833,2026-04-08,2026,Regular Season,52,7,top,660271,Shohei Ohtani,689254,Mason Fluharty,L,1,d6a5094c-b80f-3528-92c7-b04b4b30a235,0,0,0,81.9,-15.0,9.0,ground_ball,139.48,151.68,500743,,,Groundout,0,2,1,true,Los Angeles Dodgers,Toronto Blue Jays
823968,2026-04-10,2026,Regular Season,23,3,bottom,660271,Shohei Ohtani,677958,Kumar Rocker,R,2,434dcdd8-0bc0-3aac-b1b0-d6e827213f50,0,1,1,106.8,5.0,91.0,ground_ball,150.74,136.37,,,,Groundout,0,3,1,true,Texas Rangers,Los Angeles Dodgers
823968,2026-04-10,2026,Regular Season,40,5,bottom,660271,Shohei Ohtani,677958,Kumar Rocker,R,2,76b68de4-3909-3e83-a071-80fbef7272e5,1,0,1,98.5,6.0,97.0,ground_ball,199.07,117.2,690976,,,Single,0,4,3,false,Texas Rangers,Los Angeles Dodgers
823968,2026-04-10,2026,Regular Season,56,7,bottom,660271,Shohei Ohtani,656222,Jalen Beeks,L,6,e709f6c9-26e8-3718-aa54-5659596bbbe5,3,2,0,94.6,77.0,72.0,popup,155.37,197.86,,,,Pop Out,0,4,5,true,Texas Rangers,Los Angeles Dodgers
823967,2026-04-11,2026,Regular Season,5,1,bottom,660271,Shohei Ohtani,683004,Jack Leiter,R,4,66d3e5fb-d336-3939-97c8-7f8aad8e7499,2,1,0,104.5,36.0,390.0,fly_ball,214.92,67.81,,,,Home Run,1,1,1,false,Texas Rangers,Los Angeles Dodgers
823967,2026-04-11,2026,Regular Season,17,2,bottom,660271,Shohei Ohtani,683004,Jack Leiter,R,4,a777b01b-d131-3ca4-920a-e376ba7ae3bb,1,2,2,82.3,-68.0,1.0,ground_ball,138.97,187.74,,,,Single,0,1,4,false,Texas Rangers,Los Angeles Dodgers
823966,2026-04-12,2026,Regular Season,6,1,bottom,660271,Shohei Ohtani,594798,Jacob deGrom,R,1,a2adc031-20d5-3720-82d7-052f2a64d4a6,0,0,0,108.3,39.0,374.0,fly_ball,201.6,67.94,,,,Home Run,1,0,1,false,Texas Rangers,Los Angeles Dodgers
823966,2026-04-12,2026,Regular Season,63,7,bottom,660271,Shohei Ohtani,656641,Jacob Latz,L,1,5caecb73-1c58-35f0-b427-8e3e0c01b896,0,0,1,74.2,63.0,154.0,popup,140.75,147.78,500743,687221,,Pop Out,0,3,1,true,Texas Rangers,Los Angeles Dodgers
823964,2026-04-13,2026,Regular Season,31,4,bottom,660271,Shohei Ohtani,656849,David Peterson,L,2,32acd77b-5633-3c83-a768-a0777b4b0864,0,1,1,95.9,1.0,52.0,ground_ball,156.96,161.1,,500743,,Groundout,0,0,4,true,New York Mets,Los Angeles Dodgers
823964,2026-04-13,2026,Regular Season,46,6,bottom,660271,Shohei Ohtani,518886,Craig Kimbrel,R,8,d9e2cb1f-c851-3145-aa0f-046f92758b9b,2,2,2,89.6,34.0,323.0,fly_ball,176.33,79.98,,,,Flyout,0,0,4,true,New York Mets,Los Angeles Dodgers
823964,2026-04-13,2026,Regular Season,62,8,bottom,660271,Shohei Ohtani,680702,Joey Gerber,R,4,741733c8-58cc-3142-9108-f4e3305c9c45,1,2,2,97.2,46.0,308.0,fly_ball,178.75,87.03,500743,,,Flyout,0,0,4,true,New York Mets,Los Angeles Dodgers
823965,2026-04-14,2026,Regular Season,5,1,bottom,660271,Shohei Ohtani,690997,Nolan McLean,R,3,1fbfc60d-91d1-3c2c-bdaa-793e2fbfb865,0,2,0,88.0,23.0,274.0,line_drive,72.78,103.13,,,,Lineout,0,1,0,true,New York Mets,Los Angeles Dodgers
823965,2026-04-14,2026,Regular Season,20,3,bottom,660271,Shohei Ohtani,690997,Nolan McLean,R,2,d5ce925a-1a7a-3de0-9749-ac65dfb346d9,0,1,1,110.3,-8.0,15.0,ground_ball,117.06,143.54,,,,Groundout,0,1,1,true,New York Mets,Los Angeles Dodgers
823965,2026-04-14,2026,Regular Season,38,6,bottom,660271,Shohei Ohtani,690997,Nolan McLean,R,3,28c37216-2422-363b-a996-06dc5baacf5d,0,2,0,85.9,38.0,281.0,fly_ball,63.17,105.31,,,,Flyout,0,1,1,true,New York Mets,Los Angeles Dodgers
824373,2026-04-17,2026,Regular Season,1,1,top,660271,Shohei Ohtani,608372,Tomoyuki Sugano,R,4,f0620e2c-a8cc-3ebd-bb3e-267b2f0c3d9c,1,2,0,95.7,13.0,205.0,line_drive,173.2,133.21,,,,Double,0,0,0,false,Los Angeles Dodgers,Colorado Rockies
824373,2026-04-17,2026,Regular Season,14,2,top,660271,Shohei Ohtani,608372,Tomoyuki Sugano,R,5,b3ca8d4d-6b4c-3f81-9c29-cb3e028ac6dc,2,2,2,91.3,9.0,137.0,line_drive,178.12,124.07,690976,,,Single,0,2,0,false,Los Angeles Dodgers,Colorado Rockies
824373,2026-04-17,2026,Regular Season,29,4,top,660271,Shohei Ohtani,608372,Tomoyuki Sugano,R,2,86046123-4a08-3318-ad9b-d1fa9575295b,1,0,0,91.6,8.0,113.0,ground_ball,144.39,161.18,,,,Groundout,0,4,0,true,Los Angeles Dodgers,Colorado Rockies
824373,2026-04-17,2026,Regular Season,61,8,top,660271,Shohei Ohtani,688642,Zach Agnos,R,1,a98fc7a4-444c-36d8-beee-c79a4bc37236,0,0,1,108.3,17.0,313.0,line_drive,184.84,87.78,,,,Lineout,0,7,1,true,Los Angeles Dodgers,Colorado Rockies
824372,2026-04-18,2026,Regular Season,1,1,top,660271,Shohei Ohtani,663372,Ryan Feltner,R,1,741b11ce-259e-3d4a-8dcd-697bc5ecc934,0,0,0,82.4,-26.0,7.0,ground_ball,156.88,166.38,,,,Field Error,0,0,0,false,Los Angeles Dodgers,Colorado Rockies
824372,2026-04-18,2026,Regular Season,19,3,top,660271,Shohei Ohtani,663372,Ryan Feltner,R,4,8078f8d3-20a6-30f1-a3f1-e939900a3b0a,2,1,0,73.2,-7.0,20.0,ground_ball,162.54,164.04,,,,Groundout,0,3,2,true,Los Angeles Dodgers,Colorado Rockies
824372,2026-04-18,2026,Regular Season,37,5,top,660271,Shohei Ohtani,663372,Ryan Feltner,R,2,fa433b93-4da7-3e4e-b1b6-888f4798e111,1,0,1,96.7,38.0,332.0,fly_ball,84.5,72.05,,,,Flyout,0,3,2,true,Los Angeles Dodgers,Colorado Rockies
824372,2026-04-18,2026,Regular Season,70,9,top,660271,Shohei Ohtani,680767,Victor Vodnik,R,3,7b949c30-3cd7-309d-abf1-904831144447,1,1,2,110.4,-2.0,34.0,ground_ball,189.31,120.26,669289,,,Single,0,3,4,false,Los Angeles Dodgers,Colorado Rockies
824371,2026-04-19,2026,Regular Season,17,3,top,660271,Shohei Ohtani,547179,Michael Lorenzen,R,2,a62af37b-d4b5-35b7-8ca4-300bf4bc0e67,0,1,1,113.0,15.0,299.0,line_drive,165.64,86.05,690976,,,Double,1,2,0,false,Los Angeles Dodgers,Colorado Rockies
824371,2026-04-19,2026,Regular Season,51,6,top,660271,Shohei Ohtani,622608,Antonio Senzatela,R,1,5886ffdd-382b-325c-ba18-efdbc659c777,0,0,2,99.8,27.0,338.0,fly_ball,35.93,96.04,690976,,808975,Flyout,0,4,3,true,Los Angeles Dodgers,Colorado Rockies
824371,2026-04-19,2026,Regular Season,78,9,top,660271,Shohei Ohtani,680767,Victor Vodnik,R,2,77c503e9-9476-3040-b7a1-2eb516a42ec9,1,0,0,105.8,23.0,401.0,fly_ball,70.16,23.33,,,,Double,0,4,9,false,Los Angeles Dodgers,Colorado Rockies
824370,2026-04-20,2026,Regular Season,1,1,top,660271,Shohei Ohtani,500779,Jose Quintana,L,7,60fb93de-9742-3a46-b9e2-8eeb28625b3b,2,2,0,91.6,-15.0,11.0,ground_ball,160.93,170.43,,,,Field Error,0,0,0,false,Los Angeles Dodgers,Colorado Rockies
824370,2026-04-20,2026,Regular Season,20,3,top,660271,Shohei Ohtani,500779,Jose Quintana,L,5,05c637ae-54e3-37bb-877d-e79a4bb8a55a,2,2,0,100.7,14.0,266.0,line_drive,169.38,102.03,,,,Single,0,2,1,false,Los Angeles Dodgers,Colorado Rockies
824370,2026-04-20,2026,Regular Season,32,4,top,660271,Shohei Ohtani,500779,Jose Quintana,L,3,eb16b042-97db-3a5e-bbd8-f7a84301f5db,2,0,1,90.6,-4.0,30.0,ground_ball,146.94,160.2,,669289,500743,Groundout,0,5,1,true,Los Angeles Dodgers,Colorado Rockies
823236,2026-04-21,2026,Regular Season,36,5,top,660271,Shohei Ohtani,694738,Landen Roupp,R,6,a1d6698d-ab2f-3c50-aea3-87773a3ebab9,2,2,1,88.1,32.0,327.0,fly_ball,195.92,87.28,,,,Flyout,0,1,3,true,Los Angeles Dodgers,San Francisco Giants
823236,2026-04-21,2026,Regular Season,53,7,top,660271,Shohei Ohtani,669062,Erik Miller,L,6,70a95f31-8281-3f6c-a58e-5b4067bacc3d,3,2,2,82.3,-2.0,39.0,ground_ball,106.38,156.65,690976,,,Single,0,1,3,false,Los Angeles Dodgers,San Francisco Giants
823231,2026-04-22,2026,Regular Season,1,1,top,660271,Shohei Ohtani,641816,Tyler Mahle,R,3,95023aea-f5d9-3f35-8f0e-66f624edf29d,0,2,0,70.3,-40.0,1.0,ground_ball,146.8,169.53,,,,Groundout,0,0,0,true,Los Angeles Dodgers,San Francisco Giants
823231,2026-04-22,2026,Regular Season,18,3,top,660271,Shohei Ohtani,641816,Tyler Mahle,R,1,bfcb87b5-eca1-3642-87e5-9cc864012f9b,0,0,0,103.1,4.0,83.0,ground_ball,156.06,155.64,,,,Groundout,0,0,0,true,Los Angeles Dodgers,San Francisco Giants
823231,2026-04-22,2026,Regular Season,57,8,top,660271,Shohei Ohtani,668873,Caleb Kilian,R,3,1c3024a8-e38f-37f8-bc0e-89a9e1e7e312,1,1,0,89.6,51.0,258.0,fly_ball,77.99,118.63,500743,,,Flyout,0,0,3,true,Los Angeles Dodgers,San Francisco Giants
823233,2026-04-23,2026,Regular Season,1,1,top,660271,Shohei Ohtani,657277,Logan Webb,R,2,adc23e4a-53a9-3f54-8575-8903d87c8983,1,0,0,102.8,-3.0,30.0,ground_ball,152.77,169.32,,,,Groundout,0,0,0,true,Los Angeles Dodgers,San Francisco Giants
823233,2026-04-23,2026,Regular Season,47,7,top,660271,Shohei Ohtani,657277,Logan Webb,R,4,aab3a95d-0f3f-32e9-9c19-cc2920ff5393,2,1,0,99.9,1.0,49.0,ground_ball,143.64,149.55,690976,,,Grounded Into DP,0,3,0,true,Los Angeles Dodgers,San Francisco Giants
823233,2026-04-23,2026,Regular Season,62,9,top,660271,Shohei Ohtani,694918,Blade Tidwell,R,4,d0792836-588e-35d8-be88-5f7b96a0dc77,2,1,2,85.9,34.0,312.0,fly_ball,125.76,192.51,,808975,687221,Flyout,0,3,0,true,Los Angeles Dodgers,San Francisco Giants
823960,2026-04-25,2026,Regular Season,4,1,bottom,660271,Shohei Ohtani,607067,Colin Rea,R,2,4898c481-8830-3fe1-b817-2c475a9ac89c,0,1,0,81.0,23.0,235.0,line_drive,47.36,117.68,,,,Single,0,0,0,false,Chicago Cubs,Los Angeles Dodgers
823960,2026-04-25,2026,Regular Season,49,5,bottom,660271,Shohei Ohtani,665871,Javier Assad,R,6,5e75925e-bbd7-3767-8453-5c449265438a,2,2,0,96.8,-7.0,12.0,ground_ball,154.93,150.52,,690976,,Groundout,0,4,8,true,Chicago Cubs,Los Angeles Dodgers
823960,2026-04-25,2026,Regular Season,64,6,bottom,660271,Shohei Ohtani,592826,Vince Velasquez,R,3,d0ffdbff-61b7-39c6-86ea-a2b0b7423fe3,2,0,2,80.7,7.0,79.0,ground_ball,157.96,169.29,,,,Groundout,0,4,12,true,Chicago Cubs,Los Angeles Dodgers
823959,2026-04-26,2026,Regular Season,21,2,bottom,660271,Shohei Ohtani,684007,Shota Imanaga,L,3,f5c82c84-7807-33c2-b8f0-61f71c3155ef,1,1,2,93.4,-3.0,28.0,ground_ball,148.16,164.13,,,,Single,0,0,3,false,Chicago Cubs,Los Angeles Dodgers
823959,2026-04-26,2026,Regular Season,42,5,bottom,660271,Shohei Ohtani,684007,Shota Imanaga,L,2,3a91e045-3011-39f6-afcf-0fe8eed7b5ef,1,0,1,108.8,12.0,200.0,line_drive,208.14,105.03,,,,Double,0,0,3,false,Chicago Cubs,Los Angeles Dodgers
823959,2026-04-26,2026,Regular Season,60,7,bottom,660271,Shohei Ohtani,571948,Hoby Milner,L,1,00406e7d-3a0e-33b0-99c0-55c0945dd7be,0,0,0,109.8,28.0,382.0,fly_ball,70.9,54.76,,,,Home Run,1,0,6,false,Chicago Cubs,Los Angeles Dodgers
823961,2026-04-27,2026,Regular Season,4,1,bottom,660271,Shohei Ohtani,663978,Chris Paddack,R,4,9776253b-78dd-3b67-8814-2cb2c29bf5d8,1,2,0,98.5,6.0,101.0,ground_ball,191.89,109.03,,,,Single,0,0,0,false,Miami Marlins,Los Angeles Dodgers
823961,2026-04-27,2026,Regular Season,43,5,bottom,660271,Shohei Ohtani,667463,John King,L,3,a1bb937f-6451-374a-aeef-ee35cd7f6ef2,1,1,1,94.8,-17.0,8.0,ground_ball,166.33,154.13,,,,Groundout,0,4,2,true,Miami Marlins,Los Angeles Dodgers
823961,2026-04-27,2026,Regular Season,60,7,bottom,660271,Shohei Ohtani,677053,Andrew Nardi,L,2,5127eb68-146d-38bc-b406-f4f557c6db1e,0,1,2,106.4,4.0,81.0,ground_ball,164.64,102.36,669743,,,Single,0,4,2,false,Miami Marlins,Los Angeles Dodgers
823961,2026-04-27,2026,Regular Season,75,9,bottom,660271,Shohei Ohtani,664126,Pete Fairbanks,R,5,085f1bb9-ded0-37cf-950c-9a142deaf269,2,2,1,109.5,22.0,315.0,fly_ball,217.1,109.41,687221,681624,,Double,1,4,3,false,Miami Marlins,Los Angeles Dodgers
823958,2026-04-29,2026,Regular Season,39,5,bottom,660271,Shohei Ohtani,645261,Sandy Alcantara,R,5,c910f92e-e56f-3cf5-8343-52bca5d5c78e,1,2,0,87.4,44.0,269.0,fly_ball,74.75,106.0,690976,,,Flyout,0,2,1,true,Miami Marlins,Los Angeles Dodgers
823066,2026-05-01,2026,Regular Season,1,1,top,660271,Shohei Ohtani,669461,Matthew Liberatore,L,4,3fe87a1d-aea4-3dca-8403-70e922cdb3a6,2,1,0,100.7,42.0,303.0,fly_ball,37.52,113.75,,,,Flyout,0,0,0,true,Los Angeles Dodgers,St. Louis Cardinals
823066,2026-05-01,2026,Regular Season,20,3,top,660271,Shohei Ohtani,669461,Matthew Liberatore,L,4,04649aab-3bf4-3ffb-a056-68cb0ceda0e4,2,1,1,73.8,-9.0,13.0,ground_ball,145.73,147.63,,,,Groundout,0,1,3,true,Los Angeles Dodgers,St. Louis Cardinals
823066,2026-05-01,2026,Regular Season,42,6,top,660271,Shohei Ohtani,669461,Matthew Liberatore,L,3,beb70a77-f2d7-36cf-b7f5-9df0796ae8b8,1,1,0,92.4,27.0,340.0,fly_ball,108.82,63.33,,,,Flyout,0,1,4,true,Los Angeles Dodgers,St. Louis Cardinals
823066,2026-05-01,2026,Regular Season,75,9,top,660271,Shohei Ohtani,694335,Matt Svanson,R,5,07f9916a-b475-377a-a7ef-d1d2111fd6b1,1,2,2,103.7,40.0,352.0,fly_ball,143.77,58.73,,808975,,Flyout,0,2,7,true,Los Angeles Dodgers,St. Louis Cardinals
823067,2026-05-02,2026,Regular Season,1,1,top,660271,Shohei Ohtani,700241,Michael McGreevy,R,3,a8135f07-569e-3ed6-830c-78173a467be3,1,1,0,90.2,36.0,333.0,fly_ball,146.79,67.08,,,,Flyout,0,0,0,true,Los Angeles Dodgers,St. Louis Cardinals
823067,2026-05-02,2026,Regular Season,20,3,top,660271,Shohei Ohtani,700241,Michael McGreevy,R,2,a6feb5f4-2f12-36f4-8d8f-d4259fbcd280,0,1,0,92.3,9.0,147.0,line_drive,157.08,155.64,690976,,,Double Play,0,0,0,true,Los Angeles Dodgers,St. Louis Cardinals
823065,2026-05-03,2026,Regular Season,1,1,top,660271,Shohei Ohtani,669160,Dustin May,R,2,a905c7b9-41b8-3276-b7e1-0b1424b8066d,0,1,0,77.5,3.0,70.0,ground_ball,106.71,165.36,,,,Groundout,0,0,0,true,Los Angeles Dodgers,St. Louis Cardinals
823065,2026-05-03,2026,Regular Season,37,5,top,660271,Shohei Ohtani,669160,Dustin May,R,4,69565f8a-a212-3df7-9bd8-8538f31116a8,2,1,1,102.3,-18.0,6.0,ground_ball,156.0,152.95,808975,,,Groundout,0,2,0,true,Los Angeles Dodgers,St. Louis Cardinals
823065,2026-05-03,2026,Regular Season,70,9,top,660271,Shohei Ohtani,694363,Jared Shuster,L,5,c7a80963-75de-3e3a-b0eb-512b8bb037d3,3,1,1,82.9,32.0,285.0,fly_ball,136.61,93.41,669743,,,Flyout,0,4,1,true,Los Angeles Dodgers,St. Louis Cardinals
824201,2026-05-04,2026,Regular Season,1,1,top,660271,Shohei Ohtani,595345,Steven Okert,L,1,f443a0bf-1827-3ccb-b999-187f23dddc5e,0,0,0,79.3,9.0,119.0,ground_ball,114.8,156.09,,,,Groundout,0,0,0,true,Los Angeles Dodgers,Houston Astros
824201,2026-05-04,2026,Regular Season,28,3,top,660271,Shohei Ohtani,680802,Ryan Weiss,R,2,5ac28360-9137-334d-9e18-d484b549396b,1,0,1,68.0,-26.0,6.0,ground_ball,113.48,169.83,690976,808975,681624,Forceout,1,5,2,true,Los Angeles Dodgers,Houston Astros
824201,2026-05-04,2026,Regular Season,60,7,top,660271,Shohei Ohtani,678906,Kai-Wei Teng,R,5,e7b2d08e-dabf-3e10-bd6f-d0777ce3bd69,3,1,1,91.2,34.0,337.0,fly_ball,143.25,64.75,690976,,,Flyout,0,8,3,true,Los Angeles Dodgers,Houston Astros
824198,2026-05-06,2026,Regular Season,17,3,top,660271,Shohei Ohtani,621121,Lance McCullers Jr.,R,5,e25621cf-eb86-3dc0-8943-652f1dca214f,2,2,0,95.7,10.0,156.0,line_drive,222.22,109.5,690976,,,Double,0,1,1,false,Los Angeles Dodgers,Houston Astros
824198,2026-05-06,2026,Regular Season,42,5,top,660271,Shohei Ohtani,669920,Jason Alexander,R,5,ca4c850b-9ef8-362e-91d1-ffcbcfb942ca,3,1,2,96.3,7.0,147.0,line_drive,93.45,101.9,690976,,687221,Single,1,10,1,false,Los Angeles Dodgers,Houston Astros
824198,2026-05-06,2026,Regular Season,57,7,top,660271,Shohei Ohtani,669920,Jason Alexander,R,2,9df2bc7e-5a6c-3277-91fe-b4cafac9c007,0,1,0,,,,ground_ball,145.67,156.14,690976,,,Forceout,0,11,1,true,Los Angeles Dodgers,Houston Astros
823957,2026-05-08,2026,Regular Season,22,3,bottom,660271,Shohei Ohtani,519242,Chris Sale,L,2,f6bf90e5-1807-34ec-8441-e295245f6703,0,1,1,72.2,1.0,43.0,ground_ball,126.69,146.28,,,,Groundout,0,1,1,true,Atlanta Braves,Los Angeles Dodgers
823957,2026-05-08,2026,Regular Season,40,5,bottom,660271,Shohei Ohtani,519242,Chris Sale,L,1,e8c2626a-4d75-3841-bdbf-5b6f3cef91bb,0,0,2,99.0,-5.0,21.0,ground_ball,166.11,135.59,,500743,,Single,1,1,2,false,Atlanta Braves,Los Angeles Dodgers
823957,2026-05-08,2026,Regular Season,63,8,bottom,660271,Shohei Ohtani,607481,Aaron Bummer,L,1,25ed03db-7674-399c-9879-bc34879f1e92,0,0,0,88.7,29.0,322.0,fly_ball,201.96,93.45,,,,Flyout,0,1,3,true,Atlanta Braves,Los Angeles Dodgers
823955,2026-05-09,2026,Regular Season,28,3,bottom,660271,Shohei Ohtani,675911,Spencer Strider,R,5,b9b5edd5-9541-3194-a7ba-ed005cad4006,2,2,2,92.7,-4.0,26.0,ground_ball,169.24,157.49,,,,Groundout,0,5,0,true,Atlanta Braves,Los Angeles Dodgers
823955,2026-05-09,2026,Regular Season,67,8,bottom,660271,Shohei Ohtani,625643,Reynaldo López,R,8,0a4fc2b1-d633-3199-9e95-cc27dd516490,2,2,2,83.3,14.0,210.0,line_drive,66.18,106.6,,,,Single,0,7,0,false,Atlanta Braves,Los Angeles Dodgers
823954,2026-05-10,2026,Regular Season,24,3,bottom,660271,Shohei Ohtani,693821,Bryce Elder,R,4,8f05c730-fb66-3d0f-9e2f-3ee5c3b7108e,2,1,1,76.2,15.0,151.0,line_drive,144.59,144.39,,,,Lineout,0,4,0,true,Atlanta Braves,Los Angeles Dodgers
823954,2026-05-10,2026,Regular Season,42,6,bottom,660271,Shohei Ohtani,693821,Bryce Elder,R,5,69c215d1-dd35-36a5-96c0-54d32439c8d9,2,2,1,97.3,26.0,372.0,fly_ball,158.49,53.3,,,,Flyout,0,4,0,true,Atlanta Braves,Los Angeles Dodgers
823954,2026-05-10,2026,Regular Season,54,7,bottom,660271,Shohei Ohtani,663158,Robert Suarez,R,5,2bdfaa21-8f58-3443-8a68-af04dcb460f7,2,2,2,66.4,-8.0,7.0,ground_ball,154.85,162.33,808975,669743,,Groundout,0,4,0,true,Atlanta Braves,Los Angeles Dodgers
823953,2026-05-11,2026,Regular Season,4,1,bottom,660271,Shohei Ohtani,686790,Trevor McDonald,R,1,7fdc675c-da37-300b-afcf-197c2bc0d6fd,0,0,0,90.3,-42.0,2.0,ground_ball,161.59,167.07,,,,Groundout,0,0,0,true,San Francisco Giants,Los Angeles Dodgers
823953,2026-05-11,2026,Regular Season,24,3,bottom,660271,Shohei Ohtani,686790,Trevor McDonald,R,6,ced2abe9-97fd-31ca-88e8-8d554a4e40f8,2,2,1,91.9,-37.0,3.0,ground_ball,150.67,149.61,,606192,,Groundout,0,1,0,true,San Francisco Giants,Los Angeles Dodgers
823953,2026-05-11,2026,Regular Season,54,6,bottom,660271,Shohei Ohtani,657424,Matt Gage,L,4,12fe1150-8011-31f7-9c38-f46b39b13661,1,2,2,72.3,-11.0,13.0,ground_ball,153.09,150.82,,606192,,Groundout,0,3,3,true,San Francisco Giants,Los Angeles Dodgers
823951,2026-05-12,2026,Regular Season,4,1,bottom,660271,Shohei Ohtani,605288,Adrian Houser,R,4,54e79c8a-dbdb-3eef-a23f-022d858804c6,1,2,0,93.7,3.0,65.0,ground_ball,167.4,124.71,,,,Single,0,0,0,false,San Francisco Giants,Los Angeles Dodgers
823951,2026-05-12,2026,Regular Season,20,3,bottom,660271,Shohei Ohtani,605288,Adrian Houser,R,4,8d39b620-d47c-3dd0-859c-83b44fcbef57,2,1,0,105.9,23.0,398.0,fly_ball,80.57,44.67,,,,Home Run,1,1,2,false,San Francisco Giants,Los Angeles Dodgers
823951,2026-05-12,2026,Regular Season,75,9,bottom,660271,Shohei Ohtani,668873,Caleb Kilian,R,4,c3b7db65-c9a5-32eb-aea8-40245e54656b,2,1,2,98.1,3.0,73.0,ground_ball,148.49,138.71,,,,Groundout,0,6,2,true,San Francisco Giants,Los Angeles Dodgers
824037,2026-05-15,2026,Regular Season,33,5,top,660271,Shohei Ohtani,686799,Jack Kochanowicz,R,2,0e29759d-ddfd-3746-b37e-899cd319f5a5,0,1,0,97.1,35.0,336.0,fly_ball,29.76,102.4,,,,Double,0,4,0,false,Los Angeles Dodgers,Los Angeles Angels
824037,2026-05-15,2026,Regular Season,67,9,top,660271,Shohei Ohtani,608718,Brent Suter,L,1,2f6db978-8eef-3811-99d4-fa931f663a85,0,0,1,99.2,-6.0,23.0,ground_ball,153.64,159.0,,,,Groundout,0,6,0,true,Los Angeles Dodgers,Los Angeles Angels
824038,2026-05-16,2026,Regular Season,39,6,top,660271,Shohei Ohtani,667755,José Soriano,R,2,b2c90cee-8c01-31c0-8b69-ee8a96aa72dd,1,0,0,94.3,9.0,123.0,ground_ball,154.3,131.78,,,,Groundout,0,1,0,true,Los Angeles Dodgers,Los Angeles Angels
824038,2026-05-16,2026,Regular Season,48,6,top,660271,Shohei Ohtani,681217,Chase Silseth,R,4,ab1192f7-8b1e-38e6-bec0-f38807a66b67,2,1,2,101.3,27.0,337.0,fly_ball,198.15,83.88,,669743,606192,Flyout,0,6,0,true,Los Angeles Dodgers,Los Angeles Angels
824038,2026-05-16,2026,Regular Season,67,8,top,660271,Shohei Ohtani,666201,Alek Manoah,R,2,61fcf01c-84cd-3c0d-b086-0bed74f44176,0,1,2,89.7,25.0,291.0,line_drive,226.71,107.98,669743,571970,,Triple,2,9,2,false,Los Angeles Dodgers,Los Angeles Angels
824038,2026-05-16,2026,Regular Season,81,9,top,660271,Shohei Ohtani,666201,Alek Manoah,R,3,62e75aed-b6b9-3a4e-8e7a-80adfc36d99b,2,0,1,111.7,19.0,286.0,line_drive,193.95,106.02,808975,606192,571970,Double,3,15,2,false,Los Angeles Dodgers,Los Angeles Angels
824034,2026-05-17,2026,Regular Season,1,1,top,660271,Shohei Ohtani,680570,Grayson Rodriguez,R,2,c3693b24-8475-3bf9-a34d-c6e61d6c08c2,1,0,0,106.5,11.0,196.0,line_drive,142.24,90.24,,,,Single,0,0,0,false,Los Angeles Dodgers,Los Angeles Angels
824034,2026-05-17,2026,Regular Season,29,4,top,660271,Shohei Ohtani,680570,Grayson Rodriguez,R,1,86a808f5-225e-3b26-8319-d52496a79724,0,0,2,86.5,17.0,213.0,line_drive,151.27,91.52,808975,500743,606192,Single,2,4,0,false,Los Angeles Dodgers,Los Angeles Angels
824034,2026-05-17,2026,Regular Season,64,9,top,660271,Shohei Ohtani,696270,Ryan Johnson,R,5,c6dc874b-54be-374b-bf5d-4a779ff8005d,2,2,0,105.8,9.0,211.0,line_drive,63.47,101.29,808975,,,Single,0,7,1,false,Los Angeles Dodgers,Los Angeles Angels
823301,2026-05-18,2026,Regular Season,1,1,top,660271,Shohei Ohtani,650633,Michael King,R,6,45b42f82-a978-35db-8734-de49da7d7eca,2,2,0,99.1,40.0,326.0,fly_ball,81.44,75.92,,,,Flyout,0,0,0,true,Los Angeles Dodgers,San Diego Padres
823301,2026-05-18,2026,Regular Season,38,6,top,660271,Shohei Ohtani,650633,Michael King,R,1,79be6259-0d70-3e8d-b274-7443dcf35c96,0,0,2,39.7,41.0,94.0,ground_ball,119.5,196.23,808975,,,Single,0,0,1,false,Los Angeles Dodgers,San Diego Padres
823301,2026-05-18,2026,Regular Season,54,8,top,660271,Shohei Ohtani,592094,Jason Adam,R,2,9ef0a07f-41c8-3fa7-ae1b-9d2db1af703b,0,1,2,95.3,0.0,41.0,ground_ball,177.7,130.73,808975,,,Single,0,0,1,false,Los Angeles Dodgers,San Diego Padres
823302,2026-05-19,2026,Regular Season,1,1,top,660271,Shohei Ohtani,656288,Griffin Canning,R,4,90c12abe-4731-365c-a45c-9cd28aabeaab,1,2,0,98.3,13.0,235.0,line_drive,97.34,161.44,,,,Double,0,0,0,false,Los Angeles Dodgers,San Diego Padres
823302,2026-05-19,2026,Regular Season,37,5,top,660271,Shohei Ohtani,656288,Griffin Canning,R,1,a9b6aa36-2b62-3f3a-b0ce-f991394c3791,0,0,1,88.6,-39.0,2.0,ground_ball,145.14,157.25,,,606192,Groundout,1,3,4,true,Los Angeles Dodgers,San Diego Padres
823302,2026-05-19,2026,Regular Season,58,8,top,660271,Shohei Ohtani,670970,Adrian Morejon,L,3,0d1b99ba-71f6-35bf-b167-c877665d9e22,1,1,0,95.7,11.0,157.0,line_drive,164.33,151.55,,,,Double,0,4,4,false,Los Angeles Dodgers,San Diego Padres
823299,2026-05-20,2026,Regular Season,1,1,top,660271,Shohei Ohtani,681190,Randy Vásquez,R,1,43276bf8-61ed-378b-be5d-e3e40b98ee3d,0,0,0,111.3,39.0,405.0,fly_ball,167.73,43.55,,,,Home Run,1,1,0,false,Los Angeles Dodgers,San Diego Padres
823299,2026-05-20,2026,Regular Season,13,2,top,660271,Shohei Ohtani,681190,Randy Vásquez,R,6,121427d6-c095-34f0-b7cb-0468ece5be06,3,2,1,101.1,28.0,375.0,fly_ball,119.94,47.95,808975,669257,,Flyout,0,2,0,true,Los Angeles Dodgers,San Diego Padres
823299,2026-05-20,2026,Regular Season,50,7,top,660271,Shohei Ohtani,673513,Yuki Matsui,L,3,4114d26e-ab77-31db-b008-86baceb2c03b,1,1,0,80.1,57.0,185.0,popup,121.15,127.41,,,,Pop Out,0,3,0,true,Los Angeles Dodgers,San Diego Padres
823788,2026-05-22,2026,Regular Season,29,4,top,660271,Shohei Ohtani,701656,Logan Henderson,R,6,f2d6703c-c556-3e8c-a4ad-50ba64d313fa,2,2,0,99.4,14.0,248.0,line_drive,184.96,96.89,,,,Single,0,0,5,false,Los Angeles Dodgers,Milwaukee Brewers
823788,2026-05-22,2026,Regular Season,57,7,top,660271,Shohei Ohtani,676879,Aaron Ashby,L,2,c17bd90a-9d0a-3756-8dd2-4f69c34c1e63,1,0,1,87.1,45.0,288.0,fly_ball,73.87,96.13,687221,,606192,Sac Fly,1,1,5,true,Los Angeles Dodgers,Milwaukee Brewers
823788,2026-05-22,2026,Regular Season,73,9,top,660271,Shohei Ohtani,694477,Chad Patrick,R,5,e73f3fd1-b328-3a09-ab8f-a05e36ca8061,1,2,2,82.2,31.0,283.0,fly_ball,83.66,94.22,,,,Flyout,0,1,5,true,Los Angeles Dodgers,Milwaukee Brewers
823787,2026-05-23,2026,Regular Season,22,3,top,660271,Shohei Ohtani,688107,Robert Gasser,L,2,08c275fb-1a35-3af3-9777-cf13e8bb9506,0,1,1,77.3,73.0,78.0,popup,132.55,171.45,,,,Pop Out,0,0,3,true,Los Angeles Dodgers,Milwaukee Brewers
823787,2026-05-23,2026,Regular Season,53,7,top,660271,Shohei Ohtani,669084,DL Hall,L,2,c1280e1f-8371-32d3-82d1-1276f5694b45,0,1,1,105.6,10.0,214.0,line_drive,130.61,79.76,,,,Single,0,4,3,false,Los Angeles Dodgers,Milwaukee Brewers
823787,2026-05-23,2026,Regular Season,80,9,top,660271,Shohei Ohtani,663765,Jake Woodford,R,6,0fe68ca4-fb80-36dc-95ff-38c5407988e0,2,2,2,99.8,14.0,211.0,line_drive,177.11,110.13,,669289,500743,Single,1,11,3,false,Los Angeles Dodgers,Milwaukee Brewers
823786,2026-05-24,2026,Regular Season,13,2,top,660271,Shohei Ohtani,687075,Brandon Sproat,R,5,69eaab08-ffc1-3a54-8a2d-830083459edc,2,2,2,89.6,24.0,329.0,line_drive,84.2,73.65,687221,606192,,Lineout,0,0,0,true,Los Angeles Dodgers,Milwaukee Brewers
823786,2026-05-24,2026,Regular Season,30,4,top,660271,Shohei Ohtani,687075,Brandon Sproat,R,4,b7748d14-89c8-37ca-a00f-56298537bb51,1,2,2,101.5,-8.0,14.0,ground_ball,152.82,166.38,,500743,687221,Groundout,0,1,1,true,Los Angeles Dodgers,Milwaukee Brewers
823786,2026-05-24,2026,Regular Season,47,6,top,660271,Shohei Ohtani,675660,Shane Drohan,L,1,22f9053b-7613-3f4f-bebe-1eddb3dfef5a,0,0,1,91.4,27.0,329.0,fly_ball,69.13,79.48,,,,Flyout,0,5,1,true,Los Angeles Dodgers,Milwaukee Brewers
823948,2026-05-25,2026,Regular Season,5,1,bottom,660271,Shohei Ohtani,685299,Tanner Gordon,R,1,48346585-c71a-3b69-a7e2-b50e2a6cd315,0,0,0,105.7,13.0,195.0,line_drive,222.86,104.2,,,,Double,0,0,0,false,Colorado Rockies,Los Angeles Dodgers
823948,2026-05-25,2026,Regular Season,39,5,bottom,660271,Shohei Ohtani,685299,Tanner Gordon,R,5,2cbc16c9-0f63-3e32-964f-470c7ed1bc1a,2,2,0,94.4,46.0,291.0,fly_ball,59.48,102.99,571771,,,Flyout,0,2,1,true,Colorado Rockies,Los Angeles Dodgers
823948,2026-05-25,2026,Regular Season,56,7,bottom,660271,Shohei Ohtani,657514,Brennan Bernardino,L,1,8e85a749-a6ae-3933-a7c5-12b755986f71,0,0,0,104.9,3.0,62.0,ground_ball,150.25,149.59,500743,808975,669257,Forceout,1,3,2,true,Colorado Rockies,Los Angeles Dodgers
823949,2026-05-26,2026,Regular Season,4,1,bottom,660271,Shohei Ohtani,607536,Kyle Freeland,L,2,63b83ddd-7fab-3277-84b2-159019209971,1,0,0,111.5,9.0,176.0,line_drive,152.19,135.77,,,,Lineout,0,0,0,true,Colorado Rockies,Los Angeles Dodgers
823949,2026-05-26,2026,Regular Season,21,3,bottom,660271,Shohei Ohtani,607536,Kyle Freeland,L,5,365997c7-8124-3093-82e7-1b66c337e197,1,2,0,62.0,-34.0,4.0,ground_ball,168.26,160.26,,,,Groundout,0,1,3,true,Colorado Rockies,Los Angeles Dodgers
823947,2026-05-27,2026,Regular Season,5,1,bottom,660271,Shohei Ohtani,608372,Tomoyuki Sugano,R,3,e712b311-161e-3334-9e93-ab9926f0994c,1,1,0,111.3,21.0,424.0,fly_ball,130.85,27.29,,,,Home Run,1,0,1,false,Colorado Rockies,Los Angeles Dodgers
823947,2026-05-27,2026,Regular Season,39,5,bottom,660271,Shohei Ohtani,608372,Tomoyuki Sugano,R,7,400bdec7-caa7-3327-80a0-bf1755302e4c,3,2,1,72.8,-26.0,4.0,ground_ball,161.63,168.38,,,,Groundout,0,1,3,true,Colorado Rockies,Los Angeles Dodgers
823947,2026-05-27,2026,Regular Season,54,7,bottom,660271,Shohei Ohtani,622608,Antonio Senzatela,R,1,f684e05e-8376-3f1e-920f-8a3c4535c533,0,0,2,100.1,22.0,339.0,line_drive,82.33,69.67,,,669257,Lineout,0,1,3,true,Colorado Rockies,Los Angeles Dodgers
823946,2026-05-29,2026,Regular Season,19,3,bottom,660271,Shohei Ohtani,554430,Zack Wheeler,R,2,99b6e05f-970e-366c-8ee7-f53fde0853d7,1,0,1,99.9,27.0,374.0,fly_ball,222.91,81.81,,,,Home Run,1,0,3,false,Philadelphia Phillies,Los Angeles Dodgers
823946,2026-05-29,2026,Regular Season,35,5,bottom,660271,Shohei Ohtani,554430,Zack Wheeler,R,8,f2ee5eb9-b311-3a15-a987-1bd31a18c15c,3,2,2,95.2,13.0,228.0,line_drive,120.56,76.45,,,,Single,0,0,4,false,Philadelphia Phillies,Los Angeles Dodgers
823946,2026-05-29,2026,Regular Season,56,8,bottom,660271,Shohei Ohtani,641835,Tim Mayza,L,1,8be79b0e-d12e-3fb0-a27b-4fa7be3e8d48,0,0,1,97.1,3.0,67.0,ground_ball,152.73,95.4,,,,Single,0,2,4,false,Philadelphia Phillies,Los Angeles Dodgers
823945,2026-05-30,2026,Regular Season,33,4,bottom,660271,Shohei Ohtani,666200,Jesús Luzardo,L,1,6ea8c5c2-93f4-345a-b1e4-3ee8805d9c73,0,0,2,100.3,2.0,62.0,ground_ball,165.4,136.72,,,,Single,0,1,2,false,Philadelphia Phillies,Los Angeles Dodgers
823945,2026-05-30,2026,Regular Season,72,9,bottom,660271,Shohei Ohtani,661395,Jhoan Duran,R,5,1206c0d0-7a59-3e12-b87d-47972590ba37,2,2,1,104.1,8.0,147.0,ground_ball,146.35,146.47,,,,Groundout,0,4,3,true,Philadelphia Phillies,Los Angeles Dodgers
823944,2026-05-31,2026,Regular Season,4,1,bottom,660271,Shohei Ohtani,691725,Andrew Painter,R,2,65764cee-da89-3ee7-a70a-ec138c2b8acf,0,1,0,96.0,14.0,193.0,line_drive,166.83,112.01,,,,Single,0,0,0,false,Philadelphia Phillies,Los Angeles Dodgers
823944,2026-05-31,2026,Regular Season,34,4,bottom,660271,Shohei Ohtani,621383,Tanner Banks,L,1,de28fe54-3785-3d7b-b0a5-eaefab86219b,0,0,1,96.9,34.0,321.0,fly_ball,37.95,103.41,,,,Flyout,0,0,4,true,Philadelphia Phillies,Los Angeles Dodgers
823944,2026-05-31,2026,Regular Season,53,6,bottom,660271,Shohei Ohtani,663767,Chase Shugart,R,2,d3e81f92-efcd-337e-bb87-83c1c3cb1fd5,1,0,0,96.6,48.0,306.0,fly_ball,199.8,100.05,,,,Flyout,0,0,6,true,Philadelphia Phillies,Los Angeles Dodgers
823944,2026-05-31,2026,Regular Season,69,8,bottom,660271,Shohei Ohtani,676510,Nolan Hoffman,R,3,39e08118-d56a-37ec-9a27-8a171c833d45,1,1,0,101.7,5.0,104.0,ground_ball,189.81,104.18,690976,,,Single,0,0,8,false,Philadelphia Phillies,Los Angeles Dodgers
825078,2026-06-01,2026,Regular Season,1,1,top,660271,Shohei Ohtani,593958,Eduardo Rodriguez,L,4,2a062cdb-1d28-3842-a9e4-a7e8f9ef3def,1,2,0,95.6,-12.0,13.0,ground_ball,108.04,156.61,,,,Groundout,0,0,0,true,Los Angeles Dodgers,Arizona Diamondbacks
825078,2026-06-01,2026,Regular Season,17,3,top,660271,Shohei Ohtani,593958,Eduardo Rodriguez,L,4,4e678a45-2043-3664-b81d-2e742f3a5ba0,2,1,0,102.8,22.0,375.0,line_drive,70.87,57.83,,,,Double,0,0,0,false,Los Angeles Dodgers,Arizona Diamondbacks
825078,2026-06-01,2026,Regular Season,32,5,top,660271,Shohei Ohtani,593958,Eduardo Rodriguez,L,1,4e48685f-dad3-36eb-827b-0155500f368d,0,0,1,85.5,19.0,226.0,line_drive,130.42,87.16,,,,Single,0,1,0,false,Los Angeles Dodgers,Arizona Diamondbacks
825078,2026-06-01,2026,Regular Season,52,8,top,660271,Shohei Ohtani,805299,Brandyn Garcia,L,4,f0605f80-a0b8-3b5b-bfdc-3a736afc0893,1,2,0,80.0,-56.0,2.0,ground_ball,134.27,170.93,,,,Single,0,1,2,false,Los Angeles Dodgers,Arizona Diamondbacks
825079,2026-06-02,2026,Regular Season,1,1,top,660271,Shohei Ohtani,647336,Michael Soroka,R,3,8bb119aa-3dcd-31f1-972b-e64808d69a1e,1,1,0,105.7,13.0,217.0,line_drive,207.11,106.2,,,,Double,0,0,0,false,Los Angeles Dodgers,Arizona Diamondbacks
825079,2026-06-02,2026,Regular Season,13,2,top,660271,Shohei Ohtani,647336,Michael Soroka,R,1,e65553d6-64e8-38f6-9e89-4c1227fd0667,0,0,1,90.9,18.0,229.0,line_drive,207.0,120.0,690976,687221,,Triple,2,4,0,false,Los Angeles Dodgers,Arizona Diamondbacks
825079,2026-06-02,2026,Regular Season,35,5,top,660271,Shohei Ohtani,647336,Michael Soroka,R,1,2ad61156-8803-3384-a00b-a0d9c70a5426,0,0,0,72.4,10.0,101.0,ground_ball,167.05,158.68,,,,Groundout,0,4,1,true,Los Angeles Dodgers,Arizona Diamondbacks
825077,2026-06-03,2026,Regular Season,1,1,top,660271,Shohei Ohtani,668678,Zac Gallen,R,3,6ae6e2c9-757b-3e37-9bb7-b2402cb64dc1,0,2,0,107.8,7.0,141.0,ground_ball,160.61,152.03,,,,Single,0,0,0,false,Los Angeles Dodgers,Arizona Diamondbacks
825077,2026-06-03,2026,Regular Season,44,6,top,660271,Shohei Ohtani,664199,Taylor Clarke,R,5,6d4dfec9-93cf-3143-9f3e-9869d9ca9014,3,1,1,103.8,15.0,206.0,line_drive,176.33,113.49,690976,,,Single,0,5,0,false,Los Angeles Dodgers,Arizona Diamondbacks
825077,2026-06-03,2026,Regular Season,73,9,top,660271,Shohei Ohtani,657044,Ryan Thompson,R,2,2eae89a2-d560-3afa-95eb-b7797955859e,0,1,1,81.6,22.0,252.0,line_drive,168.79,92.14,690976,669257,,Single,0,7,0,false,Los Angeles Dodgers,Arizona Diamondbacks
823943,2026-06-05,2026,Regular Season,41,6,bottom,660271,Shohei Ohtani,672282,Reid Detmers,L,3,2566c30c-dd37-3159-980d-9cd6ce22a5e2,1,1,0,98.2,42.0,298.0,fly_ball,41.31,113.22,,,,Flyout,0,0,0,true,Los Angeles Angels,Los Angeles Dodgers
823943,2026-06-05,2026,Regular Season,57,8,bottom,660271,Shohei Ohtani,696147,Sam Bachman,R,1,d7346d51-875c-3883-9f6b-5b2771007181,0,0,1,102.2,20.0,341.0,line_drive,41.71,89.83,690976,,,Lineout,0,0,0,true,Los Angeles Angels,Los Angeles Dodgers
823942,2026-06-06,2026,Regular Season,6,1,bottom,660271,Shohei Ohtani,686799,Jack Kochanowicz,R,6,81887fda-1a02-39d6-8901-b0b5ec3f233c,2,2,0,73.1,-57.0,1.0,ground_ball,150.21,153.36,,,,Single,0,1,0,false,Los Angeles Angels,Los Angeles Dodgers
823942,2026-06-06,2026,Regular Season,15,1,bottom,660271,Shohei Ohtani,608718,Brent Suter,L,5,b3a5beba-3c39-347c-8232-f72aad7a073a,2,2,1,110.4,23.0,406.0,line_drive,100.26,27.86,,690976,,Home Run,2,1,9,false,Los Angeles Angels,Los Angeles Dodgers
823942,2026-06-06,2026,Regular Season,48,6,bottom,660271,Shohei Ohtani,519141,Drew Pomeranz,L,1,034a86ff-7c3b-3850-b5cb-4b15105a01bd,0,0,0,80.2,43.0,262.0,fly_ball,107.11,96.65,,,,Flyout,0,1,9,true,Los Angeles Angels,Los Angeles Dodgers
823941,2026-06-07,2026,Regular Season,5,1,bottom,660271,Shohei Ohtani,667755,José Soriano,R,1,c5e7cc12-643d-3aff-9c22-b2dfdb13b708,0,0,0,84.1,47.0,262.0,fly_ball,109.97,96.17,,,,Flyout,0,0,0,true,Los Angeles Angels,Los Angeles Dodgers
823941,2026-06-07,2026,Regular Season,24,3,bottom,660271,Shohei Ohtani,667755,José Soriano,R,3,62b54ecb-4327-3056-8d7a-5a4a334b5f27,2,0,1,112.3,10.0,194.0,line_drive,171.81,81.21,,,,Single,0,2,0,false,Los Angeles Angels,Los Angeles Dodgers
823941,2026-06-07,2026,Regular Season,45,5,bottom,660271,Shohei Ohtani,667755,José Soriano,R,5,318faa53-ad4a-35c0-a99d-ae7651168bbd,2,2,1,94.9,21.0,287.0,line_drive,197.23,110.25,500743,,,Lineout,0,6,1,true,Los Angeles Angels,Los Angeles Dodgers
823941,2026-06-07,2026,Regular Season,67,7,bottom,660271,Shohei Ohtani,519141,Drew Pomeranz,L,4,91dd3969-5dae-3e55-bf51-e7dd81a3a99a,1,2,0,80.4,-2.0,19.0,ground_ball,96.17,163.5,,,,Single,0,12,5,false,Los Angeles Angels,Los Angeles Dodgers
823374,2026-06-09,2026,Regular Season,1,1,top,660271,Shohei Ohtani,694973,Paul Skenes,R,3,85062bf6-5fce-3ef6-8ac1-546740baf034,1,1,0,100.8,-4.0,23.0,ground_ball,151.3,157.26,,,,Groundout,0,0,0,true,Los Angeles Dodgers,Pittsburgh Pirates
823374,2026-06-09,2026,Regular Season,34,5,top,660271,Shohei Ohtani,694973,Paul Skenes,R,3,b91ffd51-f638-3671-a18e-db59cea7957f,0,2,2,67.9,11.0,123.0,ground_ball,145.55,138.8,,,,Groundout,0,1,2,true,Los Angeles Dodgers,Pittsburgh Pirates
823374,2026-06-09,2026,Regular Season,49,7,top,660271,Shohei Ohtani,696062,Wilber Dotel,R,5,e3feae30-7d00-39a5-8860-9a64ed818f4e,2,2,0,101.5,8.0,181.0,line_drive,83.91,123.31,,690976,,Double,1,4,2,false,Los Angeles Dodgers,Pittsburgh Pirates
823372,2026-06-10,2026,Regular Season,19,3,top,660271,Shohei Ohtani,683003,Jared Jones,R,7,d53b7782-2dea-3b8b-95d5-696b4c9c30ac,3,2,2,101.7,29.0,383.0,fly_ball,42.03,72.41,690976,,,Flyout,0,0,0,true,Los Angeles Dodgers,Pittsburgh Pirates
823372,2026-06-10,2026,Regular Season,52,7,top,660271,Shohei Ohtani,669387,Carmen Mlodzinski,R,2,1904ea52-19e4-33df-b96c-8d39d60900ff,1,0,1,69.9,45.0,199.0,fly_ball,73.4,140.24,,,,Flyout,0,6,1,true,Los Angeles Dodgers,Pittsburgh Pirates
823372,2026-06-10,2026,Regular Season,77,9,top,660271,Shohei Ohtani,642397,Gregory Soto,L,1,f601743f-ea69-3315-b408-5c0453f6de8d,0,0,1,103.9,30.0,412.0,fly_ball,93.79,35.32,500743,,,Home Run,2,8,9,false,Los Angeles Dodgers,Pittsburgh Pirates
823371,2026-06-11,2026,Regular Season,17,3,top,660271,Shohei Ohtani,656605,Mitch Keller,R,6,e4e445e3-d05a-3dca-870c-b7332dcc625d,3,2,1,107.7,21.0,391.0,line_drive,182.67,51.55,,,,Home Run,1,1,0,false,Los Angeles Dodgers,Pittsburgh Pirates
823371,2026-06-11,2026,Regular Season,30,4,top,660271,Shohei Ohtani,656605,Mitch Keller,R,3,52e13107-f761-36fb-ba5e-ee8acbac83d5,1,1,2,108.7,0.0,50.0,ground_ball,152.82,73.14,,,,Single,0,3,0,false,Los Angeles Dodgers,Pittsburgh Pirates
824587,2026-06-13,2026,Regular Season,1,1,top,660271,Shohei Ohtani,680732,Sean Burke,R,2,e52cea21-185a-39e8-a132-a1fa00232eb4,1,0,0,109.6,26.0,409.0,fly_ball,222.6,63.48,,,,Home Run,1,1,0,false,Los Angeles Dodgers,Chicago White Sox
824587,2026-06-13,2026,Regular Season,55,7,top,660271,Shohei Ohtani,697812,Joe Rock,L,2,c1ad43a1-8a3f-3268-b193-17da02ac6e85,1,0,1,109.4,44.0,369.0,fly_ball,128.86,50.4,669289,,,Flyout,0,5,0,true,Los Angeles Dodgers,Chicago White Sox
824587,2026-06-13,2026,Regular Season,71,9,top,660271,Shohei Ohtani,699823,Tyler Davis,R,2,3e1f5edb-d00d-39e2-a976-cd3a33451bd4,1,0,1,101.5,-17.0,7.0,ground_ball,147.46,152.03,669289,,,Grounded Into DP,0,7,0,true,Los Angeles Dodgers,Chicago White Sox
823938,2026-06-15,2026,Regular Season,6,1,bottom,660271,Shohei Ohtani,607259,Nick Martinez,R,3,ef8c504c-a0ea-39b3-ae3a-899d7aeb6027,0,2,0,87.3,29.0,329.0,fly_ball,190.08,83.02,,,,Flyout,0,2,0,true,Tampa Bay Rays,Los Angeles Dodgers
823938,2026-06-15,2026,Regular Season,24,3,bottom,660271,Shohei Ohtani,607259,Nick Martinez,R,5,b6d85bc0-4998-3607-bc48-9328015b44ac,2,2,0,76.1,-16.0,9.0,ground_ball,111.24,164.14,,,,Groundout,0,3,3,true,Tampa Bay Rays,Los Angeles Dodgers
823939,2026-06-16,2026,Regular Season,20,3,bottom,660271,Shohei Ohtani,656876,Drew Rasmussen,R,5,b7fe16d7-4669-34e3-ade8-b6c901cfb31c,2,2,0,99.9,4.0,79.0,ground_ball,143.61,148.59,,,,Groundout,0,0,0,true,Tampa Bay Rays,Los Angeles Dodgers
823939,2026-06-16,2026,Regular Season,40,6,bottom,660271,Shohei Ohtani,656876,Drew Rasmussen,R,1,37c6c3f2-f618-373d-ac4e-d7acce41f1a5,0,0,0,106.9,27.0,427.0,fly_ball,117.24,26.54,,,,Home Run,1,0,1,false,Tampa Bay Rays,Los Angeles Dodgers
823940,2026-06-17,2026,Regular Season,59,6,bottom,660271,Shohei Ohtani,687330,Kevin Kelly,R,1,5fa83509-1500-31ab-952d-6bc25e931022,0,0,2,106.7,-6.0,18.0,ground_ball,111.28,148.4,,,,Groundout,0,4,5,true,Tampa Bay Rays,Los Angeles Dodgers
823937,2026-06-20,2026,Regular Season,5,1,bottom,660271,Shohei Ohtani,669432,Trevor Rogers,L,1,0295097d-563f-3ea6-9a7e-5f76eaf6dec1,0,0,0,101.5,63.0,185.0,popup,125.31,130.53,,,,Pop Out,0,0,0,true,Baltimore Orioles,Los Angeles Dodgers
823937,2026-06-20,2026,Regular Season,45,6,bottom,660271,Shohei Ohtani,669432,Trevor Rogers,L,2,be2d445a-41b9-3f98-9412-829eec3d358b,0,1,2,69.9,3.0,44.0,ground_ball,119.86,147.49,,,,Groundout,0,3,0,true,Baltimore Orioles,Los Angeles Dodgers
823937,2026-06-20,2026,Regular Season,66,9,bottom,660271,Shohei Ohtani,552640,Andrew Kittredge,R,2,ac387652-a5a3-3cee-959f-3fb09cd2f82c,1,0,0,114.6,40.0,413.0,fly_ball,151.99,34.08,,,,Home Run,1,3,1,false,Baltimore Orioles,Los Angeles Dodgers
823934,2026-06-21,2026,Regular Season,23,2,bottom,660271,Shohei Ohtani,687064,Brandon Young,R,4,420ed5ab-4771-389d-ba64-73bae7810979,0,2,2,80.3,3.0,59.0,ground_ball,147.98,106.0,690976,,,Single,0,3,1,false,Baltimore Orioles,Los Angeles Dodgers
823934,2026-06-21,2026,Regular Season,47,5,bottom,660271,Shohei Ohtani,687064,Brandon Young,R,2,4d14693e-056f-3e2e-9a5f-a0fbac8460de,0,1,0,84.8,-43.0,2.0,ground_ball,156.46,164.75,,,,Groundout,0,6,1,true,Baltimore Orioles,Los Angeles Dodgers
823692,2026-06-22,2026,Regular Season,1,1,top,660271,Shohei Ohtani,805673,Zebby Matthews,R,2,a6ceb329-dd3b-3669-94c6-d6d31bb4cb71,1,0,0,112.8,25.0,414.0,fly_ball,225.97,63.16,,,,Home Run,1,1,0,false,Los Angeles Dodgers,Minnesota Twins
823692,2026-06-22,2026,Regular Season,19,3,top,660271,Shohei Ohtani,805673,Zebby Matthews,R,10,c9a14e42-82ed-33d7-8521-1ff69ccf24e7,3,2,0,79.0,-58.0,1.0,ground_ball,138.9,180.53,,,,Groundout,0,1,1,true,Los Angeles Dodgers,Minnesota Twins
823692,2026-06-22,2026,Regular Season,35,5,top,660271,Shohei Ohtani,805673,Zebby Matthews,R,6,dc43afad-8d29-3509-9959-7b93858c22b8,3,2,1,91.4,-2.0,23.0,ground_ball,156.88,165.87,,,,Groundout,0,1,1,true,Los Angeles Dodgers,Minnesota Twins
823692,2026-06-22,2026,Regular Season,52,7,top,660271,Shohei Ohtani,573124,Taylor Rogers,L,5,7918f9a9-71bf-31ee-afe6-af91082beb38,2,2,0,107.4,2.0,72.0,ground_ball,152.81,138.72,500743,,,Grounded Into DP,0,2,1,true,Los Angeles Dodgers,Minnesota Twins
823690,2026-06-23,2026,Regular Season,33,4,top,660271,Shohei Ohtani,608723,Austin Voth,R,1,b9b5aef6-a1cc-3aca-9170-718765c2adf0,0,0,1,90.0,46.0,284.0,fly_ball,79.47,95.43,642020,,669743,Sac Fly,1,3,2,true,Los Angeles Dodgers,Minnesota Twins
823690,2026-06-23,2026,Regular Season,45,5,top,660271,Shohei Ohtani,608723,Austin Voth,R,6,c8076c8e-a033-3075-985c-0b1f0e306dec,3,2,2,102.9,18.0,339.0,line_drive,117.23,63.0,642020,690976,,Lineout,0,5,2,true,Los Angeles Dodgers,Minnesota Twins
823691,2026-06-24,2026,Regular Season,1,1,top,660271,Shohei Ohtani,657746,Joe Ryan,R,1,2e059ea2-d0cd-35b1-8277-1d739def92ef,0,0,0,110.7,19.0,313.0,line_drive,190.94,90.91,,,,Lineout,0,0,0,true,Los Angeles Dodgers,Minnesota Twins
823691,2026-06-24,2026,Regular Season,20,3,top,660271,Shohei Ohtani,657746,Joe Ryan,R,1,3fc90615-1c8e-3511-8020-9853131570b2,0,0,0,95.7,-4.0,19.0,ground_ball,135.2,81.25,,690976,,Single,1,2,3,false,Los Angeles Dodgers,Minnesota Twins
823691,2026-06-24,2026,Regular Season,71,9,top,660271,Shohei Ohtani,702193,Andrew Morris,R,3,2f1b96f6-58ee-34b1-87cb-40bf7dad3645,1,1,1,98.7,19.0,245.0,line_drive,197.67,105.57,,,,Single,0,4,3,false,Los Angeles Dodgers,Minnesota Twins
823285,2026-06-26,2026,Regular Season,1,1,top,660271,Shohei Ohtani,621111,Walker Buehler,R,2,5a3766d6-0f2f-3247-ab36-f5883e4d55fa,0,1,0,98.8,-3.0,32.0,ground_ball,176.85,114.07,,,,Single,0,0,0,false,Los Angeles Dodgers,San Diego Padres
823285,2026-06-26,2026,Regular Season,42,6,top,660271,Shohei Ohtani,621111,Walker Buehler,R,6,e1b3baac-4365-3966-bac5-ac6778936ce2,3,2,0,84.6,-11.0,13.0,ground_ball,154.04,161.72,,,,Groundout,0,1,3,true,Los Angeles Dodgers,San Diego Padres
823285,2026-06-26,2026,Regular Season,58,8,top,660271,Shohei Ohtani,670970,Adrian Morejon,L,1,bfe33af1-dd89-3186-96c4-354bfd5026e1,0,0,0,98.6,-18.0,6.0,ground_ball,125.14,174.9,,,,Groundout,0,1,3,true,Los Angeles Dodgers,San Diego Padres
823283,2026-06-27,2026,Regular Season,16,3,top,660271,Shohei Ohtani,681190,Randy Vásquez,R,6,342b3a6a-c160-3e7f-ad2e-971ae4577ec5,2,2,0,92.0,75.0,79.0,popup,114.33,173.43,,,,Pop Out,0,1,0,true,Los Angeles Dodgers,San Diego Padres
823283,2026-06-27,2026,Regular Season,32,5,top,660271,Shohei Ohtani,681190,Randy Vásquez,R,5,030a2fa8-5cf4-350f-acbb-19f88930e65d,2,2,1,104.8,46.0,313.0,fly_ball,54.42,95.02,,,,Flyout,0,1,0,true,Los Angeles Dodgers,San Diego Padres
823283,2026-06-27,2026,Regular Season,46,6,top,660271,Shohei Ohtani,681190,Randy Vásquez,R,3,2c29a89f-b4a4-3d15-bb1e-8eb4747ab5a9,2,0,1,112.3,11.0,189.0,line_drive,171.84,101.38,690976,,,Single,0,6,1,false,Los Angeles Dodgers,San Diego Padres
823283,2026-06-27,2026,Regular Season,68,8,top,660271,Shohei Ohtani,676760,Ron Marinaccio,R,3,04bf7087-360f-31da-98e6-b42dfafbe66d,1,1,0,99.4,6.0,104.0,ground_ball,136.04,78.07,,,,Single,0,10,3,false,Los Angeles Dodgers,San Diego Padres
823281,2026-06-28,2026,Regular Season,17,3,top,660271,Shohei Ohtani,650633,Michael King,R,4,4a4746c9-77f1-3839-bdb1-b6abb264ca61,2,1,1,86.3,18.0,261.0,line_drive,97.14,99.46,,690976,,Single,1,1,0,false,Los Angeles Dodgers,San Diego Padres
823281,2026-06-28,2026,Regular Season,71,9,top,660271,Shohei Ohtani,593974,Wandy Peralta,L,6,f36cd1fa-afce-313d-a91d-4da75ee6c98c,2,2,1,93.3,-13.0,9.0,ground_ball,130.21,140.36,,,,Groundout,0,4,2,true,Los Angeles Dodgers,San Diego Padres
824986,2026-06-29,2026,Regular Season,1,1,top,660271,Shohei Ohtani,695611,Gage Jump,L,5,8a94dd50-c9dd-30da-adf1-968b2632a1cb,2,2,0,89.7,-24.0,8.0,ground_ball,159.33,162.68,,,,Groundout,0,0,0,true,Los Angeles Dodgers,Athletics
824986,2026-06-29,2026,Regular Season,36,4,top,660271,Shohei Ohtani,695611,Gage Jump,L,5,6c3bcc07-f06a-3958-9180-ac42658de95d,2,2,1,85.7,9.0,146.0,line_drive,149.83,148.34,,500743,,Lineout,0,3,3,true,Los Angeles Dodgers,Athletics
824986,2026-06-29,2026,Regular Season,51,6,top,660271,Shohei Ohtani,640454,Matt Krook,L,5,76ba39b8-e5e4-326f-9ea0-0b57dbea9933,2,2,0,112.3,25.0,432.0,line_drive,236.74,62.14,687221,500743,,Home Run,3,8,3,false,Los Angeles Dodgers,Athletics
824986,2026-06-29,2026,Regular Season,68,8,top,660271,Shohei Ohtani,695034,Kade Morris,R,7,5b6a9488-7b61-3f57-813a-0792a0c56ef0,3,2,0,89.2,-24.0,9.0,ground_ball,184.68,111.97,687221,,,Single,0,8,3,false,Los Angeles Dodgers,Athletics
824984,2026-06-30,2026,Regular Season,1,1,top,660271,Shohei Ohtani,605488,Jeffrey Springs,L,4,d865ad1e-2ad0-3412-a1a3-4479bfd4b0ca,2,1,0,95.0,-17.0,9.0,ground_ball,142.9,147.46,,,,Groundout,0,0,0,true,Los Angeles Dodgers,Athletics
824984,2026-06-30,2026,Regular Season,15,2,top,660271,Shohei Ohtani,605488,Jeffrey Springs,L,5,b26fc784-c6f9-3a1e-a8fa-ccef04069aff,2,2,1,82.7,32.0,302.0,fly_ball,164.16,84.3,500743,669242,,Flyout,0,2,1,true,Los Angeles Dodgers,Athletics
824984,2026-06-30,2026,Regular Season,30,4,top,660271,Shohei Ohtani,605488,Jeffrey Springs,L,1,a991ffc0-b1f4-3dd3-b3f1-3d02cdc56f23,0,0,1,47.9,-57.0,2.0,ground_ball,136.67,180.56,,,,Single,0,5,1,false,Los Angeles Dodgers,Athletics
824984,2026-06-30,2026,Regular Season,59,7,top,660271,Shohei Ohtani,664129,Geoff Hartlieb,R,1,afc158c8-3a5b-3a6c-abbb-13eea75735d2,0,0,2,98.2,-11.0,15.0,ground_ball,146.45,172.31,687221,,,Groundout,0,9,1,true,Los Angeles Dodgers,Athletics
824985,2026-07-01,2026,Regular Season,1,1,top,660271,Shohei Ohtani,669372,J.T. Ginn,R,4,47d30dbb-54c8-3241-a5ca-1be16ba750bf,1,2,0,87.1,6.0,102.0,ground_ball,143.88,155.58,,,,Groundout,0,0,0,true,Los Angeles Dodgers,Athletics
824985,2026-07-01,2026,Regular Season,13,2,top,660271,Shohei Ohtani,669372,J.T. Ginn,R,4,a7089689-3069-3ee2-bd36-7cdee036feff,1,2,2,95.0,-13.0,12.0,ground_ball,145.4,175.35,500743,,,Groundout,0,0,0,true,Los Angeles Dodgers,Athletics
824985,2026-07-01,2026,Regular Season,31,4,top,660271,Shohei Ohtani,669372,J.T. Ginn,R,2,e8a6e9a6-3a02-328d-b2fd-0ce25837742e,1,0,2,54.6,-46.0,1.0,ground_ball,135.77,192.28,,,,Groundout,0,1,1,true,Los Angeles Dodgers,Athletics
823935,2026-07-02,2026,Regular Season,6,1,bottom,660271,Shohei Ohtani,681190,Randy Vásquez,R,2,6d13259c-8889-3e2e-b0ee-4746c0a3d925,0,1,0,94.3,8.0,115.0,ground_ball,190.51,112.05,,,,Single,0,2,0,false,San Diego Padres,Los Angeles Dodgers
823935,2026-07-02,2026,Regular Season,40,4,bottom,660271,Shohei Ohtani,593974,Wandy Peralta,L,1,a8e98244-c0a6-3d05-a6b5-d40edc08791d,0,0,0,79.6,34.0,266.0,fly_ball,81.81,102.55,669242,687221,,Flyout,0,6,4,true,San Diego Padres,Los Angeles Dodgers
823935,2026-07-02,2026,Regular Season,53,5,bottom,660271,Shohei Ohtani,673513,Yuki Matsui,L,1,9b6fec94-20c9-362e-9024-82fa1401cf82,0,0,0,94.9,65.0,168.0,popup,80.27,172.02,,669242,,Pop Out,0,6,9,true,San Diego Padres,Los Angeles Dodgers
823933,2026-07-03,2026,Regular Season,7,1,bottom,660271,Shohei Ohtani,650633,Michael King,R,4,5b1a5dba-e89f-3395-b12c-a1948acf99ec,1,2,0,90.3,-1.0,41.0,ground_ball,158.8,152.64,,,,Groundout,0,1,0,true,San Diego Padres,Los Angeles Dodgers
823933,2026-07-03,2026,Regular Season,26,4,bottom,660271,Shohei Ohtani,650633,Michael King,R,1,e77a435d-cf39-3b13-b28e-68f5addfe3d1,0,0,0,100.3,38.0,342.0,fly_ball,52.8,81.74,,,,Flyout,0,2,0,true,San Diego Padres,Los Angeles Dodgers
823933,2026-07-03,2026,Regular Season,46,6,bottom,660271,Shohei Ohtani,650633,Michael King,R,6,7479b68b-f2de-30de-876d-2bb7e45bac8b,3,2,1,94.9,27.0,337.0,fly_ball,191.51,79.96,687221,,,Flyout,0,3,0,true,San Diego Padres,Los Angeles Dodgers
823931,2026-07-05,2026,Regular Season,20,3,bottom,660271,Shohei Ohtani,676664,JP Sears,L,5,42f15770-d5f7-3a4a-963b-ec0d6cc9f231,2,2,2,80.8,43.0,267.0,fly_ball,152.08,96.08,,,,Flyout,0,0,0,true,San Diego Padres,Los Angeles Dodgers
823931,2026-07-05,2026,Regular Season,60,7,bottom,660271,Shohei Ohtani,670970,Adrian Morejon,L,6,5b7dbdd8-d4ff-3f63-918b-33510cbee910,3,2,2,75.4,20.0,208.0,line_drive,117.9,102.06,690976,663656,,Single,1,5,2,false,San Diego Padres,Los Angeles Dodgers
823930,2026-07-06,2026,Regular Season,5,1,bottom,660271,Shohei Ohtani,607536,Kyle Freeland,L,3,16052bfa-a3b9-3cd7-a09e-e6936d4a7a15,1,1,0,111.8,18.0,347.0,line_drive,133.96,59.71,,,,Lineout,0,0,0,true,Colorado Rockies,Los Angeles Dodgers
823930,2026-07-06,2026,Regular Season,23,3,bottom,660271,Shohei Ohtani,607536,Kyle Freeland,L,1,8d56116a-ae73-3a5b-8f52-fc72545f0b22,0,0,0,105.9,29.0,379.0,fly_ball,47.09,67.1,,687221,,Home Run,2,1,2,false,Colorado Rockies,Los Angeles Dodgers
823930,2026-07-06,2026,Regular Season,36,4,bottom,660271,Shohei Ohtani,607536,Kyle Freeland,L,2,c6e4bf92-1fe0-31b6-9009-ed2f12259b84,1,0,1,91.4,0.0,43.0,ground_ball,134.78,96.94,,687221,571970,Single,2,1,6,false,Colorado Rockies,Los Angeles Dodgers
823930,2026-07-06,2026,Regular Season,57,7,bottom,660271,Shohei Ohtani,688642,Zach Agnos,R,2,85dd716e-c626-3aa8-b7c6-efd26da65e6a,0,1,1,105.8,-4.0,24.0,ground_ball,193.47,100.57,,,,Single,0,3,6,false,Colorado Rockies,Los Angeles Dodgers
823929,2026-07-07,2026,Regular Season,5,1,bottom,660271,Shohei Ohtani,547179,Michael Lorenzen,R,3,84846061-8aea-308d-8f20-aa0914f4e570,2,0,0,112.2,19.0,409.0,line_drive,100.94,35.38,,,,Home Run,1,0,1,false,Colorado Rockies,Los Angeles Dodgers
823929,2026-07-07,2026,Regular Season,22,3,bottom,660271,Shohei Ohtani,547179,Michael Lorenzen,R,3,8f253a05-0fda-39d2-892b-58514242595e,1,1,1,99.4,49.0,303.0,fly_ball,101.33,80.21,,,,Flyout,0,0,1,true,Colorado Rockies,Los Angeles Dodgers
823929,2026-07-07,2026,Regular Season,75,9,bottom,660271,Shohei Ohtani,605447,Jordan Romano,R,3,4a92dc75-cd4f-32fd-8039-159a1d9c6033,0,2,0,51.3,62.0,97.0,popup,113.77,165.89,669743,690976,,Pop Out,0,4,3,true,Colorado Rockies,Los Angeles Dodgers
823928,2026-07-08,2026,Regular Season,4,1,bottom,660271,Shohei Ohtani,687312,Gabriel Hughes,R,5,bc036194-7749-3cde-8a19-d055f7fcae69,2,2,0,88.8,47.0,284.0,fly_ball,174.93,96.27,,,,Flyout,0,0,0,true,Colorado Rockies,Los Angeles Dodgers
823928,2026-07-08,2026,Regular Season,39,5,bottom,660271,Shohei Ohtani,687312,Gabriel Hughes,R,2,023f8999-de7f-366e-8c73-562454492759,0,1,1,93.9,38.0,335.0,fly_ball,78.2,73.15,,,,Flyout,0,3,3,true,Colorado Rockies,Los Angeles Dodgers
823927,2026-07-10,2026,Regular Season,7,1,bottom,660271,Shohei Ohtani,593958,Eduardo Rodriguez,L,3,c0227e84-edd7-3c31-938d-b1b9647bacc0,1,1,0,104.6,29.0,381.0,fly_ball,61.13,59.36,,,,Home Run,1,2,1,false,Arizona Diamondbacks,Los Angeles Dodgers
823927,2026-07-10,2026,Regular Season,43,5,bottom,660271,Shohei Ohtani,593958,Eduardo Rodriguez,L,1,abb4dbb9-c3f8-3cda-8d2d-e904e4da0b79,0,0,1,97.7,24.0,370.0,fly_ball,118.42,50.31,500743,,,Flyout,0,6,2,true,Arizona Diamondbacks,Los Angeles Dodgers
823926,2026-07-11,2026,Regular Season,4,1,bottom,660271,Shohei Ohtani,694297,Brandon Pfaadt,R,2,0278f7dc-2ee6-38ad-a8a6-24ebad427b4f,0,1,0,92.1,44.0,287.0,fly_ball,75.25,95.79,,,,Flyout,0,0,0,true,Arizona Diamondbacks,Los Angeles Dodgers
823926,2026-07-11,2026,Regular Season,27,4,bottom,660271,Shohei Ohtani,694297,Brandon Pfaadt,R,4,3ed5e6b2-b7a9-3cee-abcf-20b3bf21a283,1,2,0,98.0,12.0,248.0,line_drive,117.96,67.48,,,,Single,0,1,0,false,Arizona Diamondbacks,Los Angeles Dodgers
823926,2026-07-11,2026,Regular Season,47,6,bottom,660271,Shohei Ohtani,694297,Brandon Pfaadt,R,1,d6cab6f5-5223-39a5-9532-8f64e1f01bbb,0,0,0,81.5,54.0,207.0,popup,121.53,118.25,,669242,,Pop Out,0,6,0,true,Arizona Diamondbacks,Los Angeles Dodgers
823925,2026-07-12,2026,Regular Season,4,1,bottom,660271,Shohei Ohtani,683352,Mitch Bratt,L,1,d0eb9f42-77c4-3ebc-801c-e3c404ded750,0,0,0,111.8,33.0,437.0,fly_ball,109.76,22.58,,,,Home Run,1,0,1,false,Arizona Diamondbacks,Los Angeles Dodgers
823925,2026-07-12,2026,Regular Season,20,3,bottom,660271,Shohei Ohtani,683352,Mitch Bratt,L,4,c31caea6-c3ca-3a0e-b74d-f11bc2153512,2,1,0,108.5,20.0,373.0,line_drive,167.5,61.78,,,,Double,0,0,1,false,Arizona Diamondbacks,Los Angeles Dodgers
823925,2026-07-12,2026,Regular Season,38,5,bottom,660271,Shohei Ohtani,664199,Taylor Clarke,R,3,de69ba84-c760-3871-87c7-8ff4965c567f,1,1,0,60.6,-86.0,1.0,ground_ball,127.37,195.92,,,,Groundout,0,2,3,true,Arizona Diamondbacks,Los Angeles Dodgers
823524,2026-07-17,2026,Regular Season,1,1,top,660271,Shohei Ohtani,543037,Gerrit Cole,R,5,8e3c3e99-6705-36bd-b666-0371f322e59a,2,2,0,83.1,10.0,122.0,ground_ball,141.89,132.26,,,,Groundout,0,0,0,true,Los Angeles Dodgers,New York Yankees
823524,2026-07-17,2026,Regular Season,17,3,top,660271,Shohei Ohtani,543037,Gerrit Cole,R,2,43877e3d-772f-3c2d-96b9-4feaf577b979,1,0,1,108.0,43.0,342.0,fly_ball,196.17,80.09,,,,Flyout,0,0,0,true,Los Angeles Dodgers,New York Yankees
823524,2026-07-17,2026,Regular Season,37,6,top,660271,Shohei Ohtani,543037,Gerrit Cole,R,3,c6f0c2e8-7135-348c-987b-b01597f547ce,1,1,0,95.3,28.0,321.0,fly_ball,38.74,102.91,,,,Flyout,0,0,1,true,Los Angeles Dodgers,New York Yankees
823524,2026-07-17,2026,Regular Season,54,8,top,660271,Shohei Ohtani,518585,Fernando Cruz,R,8,538ac728-e6b1-3fd7-a4c2-d154ab5a0684,3,2,0,72.8,70.0,103.0,popup,102.15,166.88,,669242,,Pop Out,0,2,1,true,Los Angeles Dodgers,New York Yankees
823521,2026-07-19,2026,Regular Season,1,1,top,660271,Shohei Ohtani,642232,Ryan Yarbrough,L,2,6e836d24-a514-34ac-bb99-ae1f743e10cc,0,1,0,96.1,47.0,308.0,fly_ball,153.63,78.77,,,,Flyout,0,0,0,true,Los Angeles Dodgers,New York Yankees
823521,2026-07-19,2026,Regular Season,20,3,top,660271,Shohei Ohtani,642232,Ryan Yarbrough,L,3,b95806b7-77c1-3a1c-bbff-ec37e6a8bc6c,2,0,2,42.8,-38.0,4.0,ground_ball,98.57,168.87,672613,,,Single,0,0,1,false,Los Angeles Dodgers,New York Yankees
823521,2026-07-19,2026,Regular Season,44,6,top,660271,Shohei Ohtani,687396,Brent Headrick,L,3,f13ee00a-7b1d-3c29-ac0d-cf7377521eba,1,1,1,89.1,-6.0,18.0,ground_ball,156.88,158.78,,,,Groundout,0,0,1,true,Los Angeles Dodgers,New York Yankees
823523,2026-07-19,2026,Regular Season,16,3,top,660271,Shohei Ohtani,693645,Cam Schlittler,R,2,816d9675-0312-396e-929b-1a95f2d88e14,0,1,1,111.1,20.0,351.0,line_drive,162.4,62.52,669242,,,Double,1,1,0,false,Los Angeles Dodgers,New York Yankees
823523,2026-07-19,2026,Regular Season,32,5,top,660271,Shohei Ohtani,693645,Cam Schlittler,R,2,a9705551-2206-3aaf-941c-321e3f6f700b,0,1,0,96.8,-2.0,24.0,ground_ball,159.52,148.58,669242,,,Groundout,0,2,1,true,Los Angeles Dodgers,New York Yankees
823523,2026-07-19,2026,Regular Season,47,7,top,660271,Shohei Ohtani,683409,Angel Chivilli,R,3,c26c88d2-f690-3000-8888-a1b125e9333b,1,1,0,97.3,47.0,299.0,fly_ball,75.25,90.44,,,,Flyout,0,3,1,true,Los Angeles Dodgers,New York Yankees
823523,2026-07-19,2026,Regular Season,60,8,top,660271,Shohei Ohtani,656234,Jake Bird,R,2,369ba22f-4f2a-31db-a309-267a57c7a84c,1,0,1,98.7,8.0,125.0,ground_ball,191.57,107.32,669242,687221,,Single,1,7,1,false,Los Angeles Dodgers,New York Yankees
823436,2026-07-20,2026,Regular Season,21,3,top,660271,Shohei Ohtani,650911,Cristopher Sánchez,L,6,03ff01a1-95c6-39e6-9ce6-9a84f4f7bec0,3,2,0,88.2,-18.0,7.0,ground_ball,156.22,158.62,,,,Groundout,0,0,4,true,Los Angeles Dodgers,Philadelphia Phillies
823436,2026-07-20,2026,Regular Season,70,8,top,660271,Shohei Ohtani,621237,José Alvarado,L,1,eb996f5d-7220-3d70-8ffc-578f83e645cc,0,0,2,100.8,-12.0,11.0,ground_ball,149.59,152.03,,,,Groundout,0,4,9,true,Los Angeles Dodgers,Philadelphia Phillies
823437,2026-07-21,2026,Regular Season,19,3,top,660271,Shohei Ohtani,554430,Zack Wheeler,R,3,819110eb-b950-3ac2-b24f-3a85d53c9e3a,2,0,2,104.7,5.0,110.0,ground_ball,145.94,80.02,,672613,,Single,0,0,1,true,Los Angeles Dodgers,Philadelphia Phillies
823437,2026-07-21,2026,Regular Season,55,8,top,660271,Shohei Ohtani,621237,José Alvarado,L,6,7b3e1739-05d4-3109-8d34-866f5a05ac95,3,2,2,82.5,31.0,312.0,fly_ball,139.66,75.08,,,,Flyout,0,2,1,true,Los Angeles Dodgers,Philadelphia Phillies
823438,2026-07-22,2026,Regular Season,1,1,top,660271,Shohei Ohtani,605400,Aaron Nola,R,1,76d57dff-843c-3d5c-84bd-7a0c50a25c51,0,0,0,106.5,8.0,148.0,line_drive,158.15,165.21,,,,Lineout,0,0,0,true,Los Angeles Dodgers,Philadelphia Phillies
823438,2026-07-22,2026,Regular Season,19,3,top,660271,Shohei Ohtani,605400,Aaron Nola,R,1,7786db84-bc7c-3f86-b69c-d66a4be025b5,0,0,2,112.2,7.0,147.0,ground_ball,148.51,148.48,,,,Groundout,0,1,2,true,Los Angeles Dodgers,Philadelphia Phillies
823438,2026-07-22,2026,Regular Season,51,7,top,660271,Shohei Ohtani,641835,Tim Mayza,L,3,27f9c2b3-ff75-3e5f-bd25-f4bb4c0fd819,2,0,1,106.0,-30.0,4.0,ground_ball,117.58,148.48,669242,,,Grounded Into DP,0,5,3,true,Los Angeles Dodgers,Philadelphia Phillies
823438,2026-07-22,2026,Regular Season,69,9,top,660271,Shohei Ohtani,686934,Alex McFarlane,R,1,eccde889-74e1-33a0-982b-113df0d94a73,0,0,0,100.5,33.0,379.0,fly_ball,104.08,47.55,,,,Flyout,0,9,4,true,Los Angeles Dodgers,Philadelphia Phillies
823601,2026-07-24,2026,Regular Season,1,1,top,660271,Shohei Ohtani,640455,Sean Manaea,L,4,d452c50f-0459-3864-8e27-1b3b981d0d88,1,2,0,99.4,7.0,129.0,ground_ball,178.23,118.96,,,,Single,0,0,0,false,Los Angeles Dodgers,New York Mets
823601,2026-07-24,2026,Regular Season,19,3,top,660271,Shohei Ohtani,640455,Sean Manaea,L,5,79c741ab-6013-30d3-ab88-240086f2b136,1,2,1,80.0,6.0,87.0,ground_ball,162.54,167.56,,606192,,Groundout,0,0,1,true,Los Angeles Dodgers,New York Mets
823601,2026-07-24,2026,Regular Season,34,5,top,660271,Shohei Ohtani,640455,Sean Manaea,L,6,cd069389-2e86-3ef1-9bfd-3defdb0fe105,1,2,0,79.4,18.0,197.0,line_drive,199.11,129.27,,,,Double,0,1,1,true,Los Angeles Dodgers,New York Mets
823601,2026-07-24,2026,Regular Season,50,7,top,660271,Shohei Ohtani,548384,Brooks Raley,L,3,9b20d0e4-fb6f-3d14-8253-3a0f5f7fb929,1,1,1,97.2,33.0,367.0,fly_ball,119.17,51.3,,687221,606192,Sac Fly,1,2,1,true,Los Angeles Dodgers,New York Mets
823600,2026-07-25,2026,Regular Season,1,1,top,660271,Shohei Ohtani,690997,Nolan McLean,R,3,88209a40-4d7b-3f6e-b74f-82c63fd7177e,1,1,0,97.7,-3.0,35.0,ground_ball,101.64,154.22,,,,Groundout,0,0,0,true,Los Angeles Dodgers,New York Mets
823600,2026-07-25,2026,Regular Season,18,3,top,660271,Shohei Ohtani,690997,Nolan McLean,R,2,62183357-db67-3058-9982-4551f50e4ad5,0,1,1,89.0,-31.0,3.0,ground_ball,144.21,173.98,687221,,,Fielders Choice,0,1,0,false,Los Angeles Dodgers,New York Mets
823600,2026-07-25,2026,Regular Season,54,7,top,660271,Shohei Ohtani,650960,Daniel Duarte,R,3,ce2f6f1c-e33c-3930-926c-39af64740889,0,2,0,92.9,26.0,328.0,fly_ball,92.01,77.7,,,,Flyout,0,4,1,true,Los Angeles Dodgers,New York Mets
823600,2026-07-25,2026,Regular Season,74,9,top,660271,Shohei Ohtani,623211,Huascar Brazobán,R,2,d27e1cb9-0278-3ea2-ba61-067164897c43,1,0,2,98.7,46.0,296.0,fly_ball,46.07,110.4,,,,Flyout,0,4,3,true,Los Angeles Dodgers,New York Mets
823599,2026-07-26,2026,Regular Season,1,1,top,660271,Shohei Ohtani,642547,Freddy Peralta,R,3,a9bee92a-4fd8-390f-9095-357b29fe442d,1,1,0,106.6,16.0,308.0,line_drive,150.6,58.85,,,,Double,0,0,0,false,Los Angeles Dodgers,New York Mets
823599,2026-07-26,2026,Regular Season,55,7,top,660271,Shohei Ohtani,548384,Brooks Raley,L,2,8ddaba4c-f5cf-309e-82f1-2f0136e04a10,0,1,1,76.0,35.0,254.0,fly_ball,120.01,98.7,,,,Flyout,0,3,4,true,Los Angeles Dodgers,New York Mets
823923,2026-07-28,2026,Regular Season,4,1,bottom,660271,Shohei Ohtani,622491,Luis Castillo,R,5,cf9edbb6-8aae-320a-829c-060d97ce86b9,2,2,0,109.1,27.0,432.0,fly_ball,91.58,27.29,,,,Home Run,1,0,1,false,Seattle Mariners,Los Angeles Dodgers
823923,2026-07-28,2026,Regular Season,36,4,bottom,660271,Shohei Ohtani,622491,Luis Castillo,R,3,884f0877-5c04-3963-8fad-62f999a40487,0,2,1,78.0,17.0,237.0,line_drive,143.54,91.01,687221,663656,669242,Single,1,4,4,false,Seattle Mariners,Los Angeles Dodgers
823923,2026-07-28,2026,Regular Season,53,6,bottom,660271,Shohei Ohtani,642100,Gabe Speier,L,3,34cac490-7239-37ac-bdd6-8a2a8fd49f70,1,1,1,,-50.0,1.0,ground_ball,146.37,157.48,,,,Groundout,0,5,5,true,Seattle Mariners,Los Angeles Dodgers
823923,2026-07-28,2026,Regular Season,74,9,bottom,660271,Shohei Ohtani,662253,Andrés Muñoz,R,2,6c049e77-387a-37f9-bd49-18bf0f56c718,0,1,0,105.3,11.0,205.0,line_drive,160.91,53.91,687221,,,Double,1,7,6,false,Seattle Mariners,Los Angeles Dodgers
823924,2026-07-29,2026,Regular Season,22,3,bottom,660271,Shohei Ohtani,676106,Emerson Hancock,R,7,17dff16a-ecca-3074-9a76-e6e80705588b,2,2,1,98.9,10.0,160.0,line_drive,200.28,99.33,,,,Single,0,0,1,false,Seattle Mariners,Los Angeles Dodgers
823924,2026-07-29,2026,Regular Season,49,6,bottom,660271,Shohei Ohtani,621074,Michael Rucker,R,6,8504b082-fed0-32c6-a61f-ad2126f6d4c9,3,2,2,111.2,14.0,349.0,line_drive,92.46,55.72,687221,,,Double,1,0,4,false,Seattle Mariners,Los Angeles Dodgers
823922,2026-07-31,2026,Regular Season,31,4,bottom,660271,Shohei Ohtani,624133,Ranger Suarez,L,6,f7402bb7-31f4-3697-92db-b0d4b0be8a4b,1,2,0,103.2,15.0,311.0,line_drive,71.69,63.4,,,,Double,0,3,0,false,Boston Red Sox,Los Angeles Dodgers
823922,2026-07-31,2026,Regular Season,43,5,bottom,660271,Shohei Ohtani,663558,Jovani Morán,L,4,605f8041-48b4-329b-9ded-5d3123d045f7,2,1,2,112.1,24.0,386.0,fly_ball,221.65,74.74,,672613,,Home Run,2,3,4,false,Boston Red Sox,Los Angeles Dodgers
823922,2026-07-31,2026,Regular Season,65,7,bottom,660271,Shohei Ohtani,678394,Brayan Bello,R,1,28b694e4-5940-3363-99a7-3267a0f229f2,0,0,0,79.5,-32.0,4.0,ground_ball,152.73,159.3,,,,Groundout,0,8,4,true,Boston Red Sox,Los Angeles Dodgers
823922,2026-07-31,2026,Regular Season,83,9,bottom,660271,Shohei Ohtani,678394,Brayan Bello,R,1,f3440980-6fd4-33a2-9317-3a6d88e31ac1,0,0,1,104.1,5.0,91.0,ground_ball,155.15,150.82,,,,Groundout,0,9,4,true,Boston Red Sox,Los Angeles Dodgers
823920,2026-08-01,2026,Regular Season,5,1,bottom,660271,Shohei Ohtani,801139,Payton Tolle,L,3,bcf04327-6abb-3038-a696-3e53eb432201,1,1,0,112.6,0.0,57.0,ground_ball,108.0,94.0,,,,Single,0,1,0,false,Boston Red Sox,Los Angeles Dodgers
823920,2026-08-01,2026,Regular Season,52,7,bottom,660271,Shohei Ohtani,686580,Justin Slaten,R,3,507d254a-2703-3982-a7e9-75a42ce9dde9,1,1,1,73.9,-6.0,19.0,ground_ball,155.19,153.24,,,,Groundout,0,2,2,true,Boston Red Sox,Los Angeles Dodgers
823919,2026-08-02,2026,Regular Season,8,1,bottom,660271,Shohei Ohtani,687562,Jake Bennett,L,1,97a8ae13-b921-3f18-98b8-488bf1fc6074,0,0,0,106.2,8.0,142.0,line_drive,181.44,122.69,,,,Single,0,2,0,false,Boston Red Sox,Los Angeles Dodgers
824647,2026-08-03,2026,Regular Season,1,1,top,660271,Shohei Ohtani,571510,Matthew Boyd,L,2,f6511d71-2c97-358b-8fca-82474b301919,0,1,0,78.2,23.0,240.0,line_drive,89.09,90.42,,,,Single,0,0,0,false,Los Angeles Dodgers,Chicago Cubs
824647,2026-08-03,2026,Regular Season,15,2,top,660271,Shohei Ohtani,571510,Matthew Boyd,L,5,bdc8f14e-0dff-39f4-9fdc-cf2e20d5250a,2,2,2,63.3,31.0,206.0,fly_ball,164.38,118.59,,,,Single,0,3,2,false,Los Angeles Dodgers,Chicago Cubs
824647,2026-08-03,2026,Regular Season,37,4,top,660271,Shohei Ohtani,571510,Matthew Boyd,L,2,74767312-46f4-387c-abf4-9727d6bdcbc0,0,1,2,72.9,41.0,239.0,fly_ball,123.37,104.65,672613,606192,,Flyout,0,4,6,true,Los Angeles Dodgers,Chicago Cubs
824647,2026-08-03,2026,Regular Season,62,7,top,660271,Shohei Ohtani,571510,Matthew Boyd,L,2,8005fc96-1fd7-31b9-b7ea-c6819dc33d75,0,1,1,82.6,-4.0,23.0,ground_ball,140.63,165.38,,,,Groundout,0,5,10,true,Los Angeles Dodgers,Chicago Cubs
824645,2026-08-04,2026,Regular Season,1,1,top,660271,Shohei Ohtani,665871,Javier Assad,R,6,45e53e00-ee63-3f95-b368-0748199cfe53,3,2,0,,,,ground_ball,152.82,155.74,,,,Groundout,0,0,0,true,Los Angeles Dodgers,Chicago Cubs
824645,2026-08-04,2026,Regular Season,16,3,top,660271,Shohei Ohtani,665871,Javier Assad,R,4,2ef19dbf-394f-3cba-9ab6-cac3d9869bf7,0,2,2,92.8,23.0,313.0,fly_ball,194.37,101.52,,,,Flyout,0,1,0,true,Los Angeles Dodgers,Chicago Cubs
824645,2026-08-04,2026,Regular Season,37,6,top,660271,Shohei Ohtani,665871,Javier Assad,R,2,08904658-e0b6-3383-ba38-159a6c224fc1,0,1,0,76.4,13.0,156.0,line_drive,62.68,128.64,,,,Single,0,1,1,false,Los Angeles Dodgers,Chicago Cubs
824645,2026-08-04,2026,Regular Season,58,8,top,660271,Shohei Ohtani,666171,Ryan Zeferjahn,R,3,7e5b958f-486c-31ee-a833-be5740f0fd8d,1,1,2,91.4,34.0,308.0,fly_ball,41.09,108.09,,,,Flyout,0,1,4,true,Los Angeles Dodgers,Chicago Cubs
824646,2026-08-05,2026,Regular Season,1,1,top,660271,Shohei Ohtani,684007,Shota Imanaga,L,7,8313ea9c-b4ec-3e44-92ff-7ef8763220aa,3,2,0,110.2,20.0,376.0,line_drive,204.15,68.24,,,,Home Run,1,1,0,false,Los Angeles Dodgers,Chicago Cubs
824646,2026-08-05,2026,Regular Season,42,5,top,660271,Shohei Ohtani,684007,Shota Imanaga,L,3,0e397f14-20b7-3514-a872-795c3ec5b7ff,1,1,0,77.8,19.0,232.0,line_drive,111.19,88.77,,,,Single,0,1,6,false,Los Angeles Dodgers,Chicago Cubs
824646,2026-08-05,2026,Regular Season,74,8,top,660271,Shohei Ohtani,666171,Ryan Zeferjahn,R,4,fed4a142-002e-39fd-b172-81a3555657bc,2,1,2,100.6,23.0,367.0,line_drive,60.96,65.79,500743,,,Home Run,2,6,7,false,Los Angeles Dodgers,Chicago Cubs
825051,2026-08-07,2026,Regular Season,1,1,top,660271,Shohei Ohtani,518876,Merrill Kelly,R,1,259ac229-18cd-3ab6-9ab2-5b5510a0324e,0,0,0,76.6,59.0,181.0,popup,104.43,131.85,,,,Pop Out,0,0,0,true,Los Angeles Dodgers,Arizona Diamondbacks
825051,2026-08-07,2026,Regular Season,52,7,top,660271,Shohei Ohtani,805299,Brandyn Garcia,L,2,79537c24-95b5-34c1-bd7a-cb80caf12b9a,1,0,1,95.4,-19.0,7.0,ground_ball,146.48,152.03,,,,Grounded Into DP,0,2,2,true,Los Angeles Dodgers,Arizona Diamondbacks
825049,2026-08-08,2026,Regular Season,1,1,top,660271,Shohei Ohtani,694297,Brandon Pfaadt,R,1,19c2f1db-fa5b-3e45-b2e3-a5a45e7d0ab9,0,0,0,87.6,2.0,62.0,ground_ball,155.44,168.02,,,,Groundout,0,0,0,true,Los Angeles Dodgers,Arizona Diamondbacks
825049,2026-08-08,2026,Regular Season,22,4,top,660271,Shohei Ohtani,694297,Brandon Pfaadt,R,5,6f9fc6eb-f9b1-3b33-8526-81412feb8d38,2,2,0,95.5,28.0,361.0,fly_ball,193.57,69.89,,,,Flyout,0,0,0,true,Los Angeles Dodgers,Arizona Diamondbacks
825049,2026-08-08,2026,Regular Season,79,10,top,660271,Shohei Ohtani,805299,Brandyn Garcia,L,4,0899f5e8-2e30-3aaf-89f4-759a92729a63,1,2,2,72.7,-2.0,26.0,ground_ball,147.84,167.52,,,,Single,1,2,1,false,Los Angeles Dodgers,Arizona Diamondbacks
825050,2026-08-09,2026,Regular Season,41,5,top,660271,Shohei Ohtani,593958,Eduardo Rodriguez,L,2,bbfa239e-a0f4-3f23-9e6b-f61864e1d1f3,1,0,1,81.7,0.0,43.0,ground_ball,143.41,173.32,,,,Groundout,0,1,4,true,Los Angeles Dodgers,Arizona Diamondbacks
825050,2026-08-09,2026,Regular Season,56,7,top,660271,Shohei Ohtani,593958,Eduardo Rodriguez,L,4,0bffd622-79e7-34d3-b227-f8e28563b444,1,2,2,94.7,-11.0,13.0,ground_ball,153.55,155.58,,,,Groundout,0,2,4,true,Los Angeles Dodgers,Arizona Diamondbacks
823918,2026-08-10,2026,Regular Season,5,1,bottom,660271,Shohei Ohtani,702070,Noah Cameron,L,4,fc48406d-9001-3361-b0b3-c936c70fd504,1,2,0,82.4,41.0,275.0,fly_ball,143.27,91.07,,,,Flyout,0,1,0,true,Kansas City Royals,Los Angeles Dodgers
823918,2026-08-10,2026,Regular Season,23,3,bottom,660271,Shohei Ohtani,702070,Noah Cameron,L,2,d0a1412c-2ba4-3de3-9152-b5be3fc3cebe,1,0,0,105.8,21.0,370.0,line_drive,164.88,54.81,,,,Double,1,3,1,false,Kansas City Royals,Los Angeles Dodgers
823918,2026-08-10,2026,Regular Season,40,5,bottom,660271,Shohei Ohtani,702070,Noah Cameron,L,1,129050a5-0b4a-30de-9003-ac04cb76a5c5,0,0,1,91.1,-13.0,9.0,ground_ball,157.61,139.92,,,,Groundout,0,3,2,true,Kansas City Royals,Los Angeles Dodgers
823918,2026-08-10,2026,Regular Season,58,7,bottom,660271,Shohei Ohtani,656638,Alex Lange,R,3,8f49f311-7ad6-3ab9-975f-8accb759101f,1,1,0,105.9,8.0,216.0,line_drive,100.07,74.23,,,,Single,0,5,5,false,Kansas City Royals,Los Angeles Dodgers
823917,2026-08-11,2026,Regular Season,4,1,bottom,660271,Shohei Ohtani,608379,Michael Wacha,R,1,b6a779e3-4052-33db-bc81-6c1945b052db,0,0,0,102.7,48.0,306.0,fly_ball,104.01,78.49,,,,Flyout,0,0,0,true,Kansas City Royals,Los Angeles Dodgers
823917,2026-08-11,2026,Regular Season,38,5,bottom,660271,Shohei Ohtani,608379,Michael Wacha,R,1,498ebd39-c46e-36f9-9163-384254d0e3e4,0,0,2,77.5,-1.0,36.0,ground_ball,165.58,169.6,,,,Groundout,0,1,1,true,Kansas City Royals,Los Angeles Dodgers
823917,2026-08-11,2026,Regular Season,54,7,bottom,660271,Shohei Ohtani,674444,Steven Cruz,R,1,896a4b85-5365-3ac7-8e20-4889e282db44,0,0,2,82.7,1.0,47.0,ground_ball,167.4,164.14,,606192,,Groundout,0,1,3,true,Kansas City Royals,Los Angeles Dodgers
823916,2026-08-12,2026,Regular Season,26,3,bottom,660271,Shohei Ohtani,663738,Daniel Lynch IV,L,1,c884318c-bc04-373b-ae42-a184481f3041,0,0,1,109.5,34.0,397.0,fly_ball,70.31,48.12,,,,Home Run,2,2,3,false,Kansas City Royals,Los Angeles Dodgers
823916,2026-08-12,2026,Regular Season,41,5,bottom,660271,Shohei Ohtani,696131,Mason Black,R,6,9589563d-6c14-3a23-ab83-850d10e0b017,3,2,1,108.9,9.0,159.0,line_drive,169.72,154.33,,,,Lineout,0,2,4,true,Kansas City Royals,Los Angeles Dodgers
823916,2026-08-12,2026,Regular Season,59,7,bottom,660271,Shohei Ohtani,696131,Mason Black,R,1,b5b30d41-10cf-3550-a231-bde40ee20a77,1,0,1,94.9,18.0,239.0,line_drive,161.85,83.59,,,,Single,0,2,4,false,Kansas City Royals,Los Angeles Dodgers
823915,2026-08-13,2026,Regular Season,5,1,bottom,660271,Shohei Ohtani,675660,Shane Drohan,L,5,d44a1346-357f-317b-a7d4-20fdb0f7ca5f,3,1,0,111.7,22.0,399.0,fly_ball,130.73,37.72,,,,Double,0,0,0,false,Milwaukee Brewers,Los Angeles Dodgers
823915,2026-08-13,2026,Regular Season,42,5,bottom,660271,Shohei Ohtani,675660,Shane Drohan,L,3,cd73a3d3-de1a-318c-99e4-80a047380674,1,1,2,98.9,61.0,192.0,fly_ball,90.27,131.13,,,,Flyout,0,2,1,true,Milwaukee Brewers,Los Angeles Dodgers
823915,2026-08-13,2026,Regular Season,58,7,bottom,660271,Shohei Ohtani,669084,DL Hall,L,3,d92018cb-da80-35a6-9987-8636706a366d,2,0,2,68.7,-31.0,3.0,ground_ball,148.42,161.42,,,,Groundout,0,2,4,true,Milwaukee Brewers,Los Angeles Dodgers
823913,2026-08-14,2026,Regular Season,5,1,bottom,660271,Shohei Ohtani,688107,Robert Gasser,L,1,d0c836d6-c581-3b64-be4f-675d476f7b52,0,0,0,81.6,44.0,253.0,fly_ball,98.32,102.7,,,,Flyout,0,0,0,true,Milwaukee Brewers,Los Angeles Dodgers
823913,2026-08-14,2026,Regular Season,39,5,bottom,660271,Shohei Ohtani,688107,Robert Gasser,L,3,01f6fad5-4f9c-3ed2-a62e-fc558a5e03dc,1,1,1,104.9,14.0,290.0,line_drive,128.22,83.51,,,,Lineout,0,1,1,true,Milwaukee Brewers,Los Angeles Dodgers
823914,2026-08-15,2026,Regular Season,5,1,bottom,660271,Shohei Ohtani,694819,Jacob Misiorowski,R,6,eaee8955-5a13-3cde-9e4e-a00d869489b6,2,2,0,80.3,66.0,159.0,popup,87.17,151.68,,,,Pop Out,0,0,0,true,Milwaukee Brewers,Los Angeles Dodgers
823914,2026-08-15,2026,Regular Season,22,3,bottom,660271,Shohei Ohtani,694819,Jacob Misiorowski,R,3,ab0ca441-5011-3838-a893-ca62d458661d,0,2,2,97.7,-16.0,10.0,ground_ball,219.43,106.58,669743,,,Triple,1,2,1,false,Milwaukee Brewers,Los Angeles Dodgers
823912,2026-08-16,2026,Regular Season,6,1,bottom,660271,Shohei Ohtani,701656,Logan Henderson,R,6,26112542-fdb4-3523-9b9a-3799280cf7cb,3,2,0,109.5,-1.0,46.0,ground_ball,155.07,153.22,,,,Single,0,0,0,false,Milwaukee Brewers,Los Angeles Dodgers
823912,2026-08-16,2026,Regular Season,46,6,bottom,660271,Shohei Ohtani,701656,Logan Henderson,R,4,f7542373-2b36-3249-a25d-35a1fb65197f,1,2,1,97.7,17.0,319.0,line_drive,80.48,79.34,,,,Lineout,0,2,1,true,Milwaukee Brewers,Los Angeles Dodgers
823912,2026-08-16,2026,Regular Season,64,8,bottom,660271,Shohei Ohtani,676879,Aaron Ashby,L,3,a89223f3-59b2-37fa-9fb1-9d2f1cb1b349,2,0,1,105.9,-10.0,16.0,ground_ball,148.97,154.45,,,,Grounded Into DP,0,4,1,true,Milwaukee Brewers,Los Angeles Dodgers
824320,2026-08-17,2026,Regular Season,1,1,top,660271,Shohei Ohtani,608372,Tomoyuki Sugano,R,2,9b3cbc77-31a5-3193-8f8f-043a5a2080a7,0,1,0,87.4,2.0,51.0,ground_ball,162.08,166.4,,,,Groundout,0,0,0,true,Los Angeles Dodgers,Colorado Rockies
824320,2026-08-17,2026,Regular Season,16,3,top,660271,Shohei Ohtani,608372,Tomoyuki Sugano,R,2,99134baa-ead6-33ee-9ddc-099b0bdcba11,1,0,1,94.1,-7.0,12.0,ground_ball,147.76,149.15,,,,Single,0,1,0,false,Los Angeles Dodgers,Colorado Rockies
824320,2026-08-17,2026,Regular Season,36,5,top,660271,Shohei Ohtani,608372,Tomoyuki Sugano,R,2,3da1c7c7-9385-3558-b136-d3b441527402,0,1,0,105.5,26.0,428.0,fly_ball,76.75,32.79,,,,Home Run,1,6,1,false,Los Angeles Dodgers,Colorado Rockies
824320,2026-08-17,2026,Regular Season,48,6,top,660271,Shohei Ohtani,675848,Juan Mejia,R,4,a7c86495-aa98-3d9d-8981-99de6017ecc4,2,1,2,106.8,31.0,452.0,fly_ball,152.58,17.68,,,669242,Home Run,2,9,1,false,Los Angeles Dodgers,Colorado Rockies
824320,2026-08-17,2026,Regular Season,64,8,top,660271,Shohei Ohtani,669298,TJ Shook,R,4,c7c085fb-0495-3db7-944c-c41b508b0042,1,2,1,91.7,18.0,289.0,line_drive,119.68,66.64,,,,Single,0,10,2,false,Los Angeles Dodgers,Colorado Rockies
824319,2026-08-18,2026,Regular Season,19,3,top,660271,Shohei Ohtani,663372,Ryan Feltner,R,1,cff7aea2-c031-3d67-a488-e30c3935b8cd,0,0,0,105.6,33.0,448.0,fly_ball,181.2,41.72,676439,,,Home Run,2,3,1,false,Los Angeles Dodgers,Colorado Rockies
824319,2026-08-18,2026,Regular Season,34,4,top,660271,Shohei Ohtani,663372,Ryan Feltner,R,4,d71fad3f-1a8f-3f9a-b972-6bb6d10dfa7b,0,2,0,72.9,-5.0,21.0,ground_ball,156.37,168.4,676439,606192,,Forceout,0,5,3,true,Los Angeles Dodgers,Colorado Rockies
824319,2026-08-18,2026,Regular Season,50,6,top,660271,Shohei Ohtani,656786,Parker Mushinski,L,4,18ac2e29-4fd7-3a91-8f1d-d9681f94f6bd,2,1,1,76.9,0.0,36.0,ground_ball,144.71,166.38,,,606192,Field Error,0,6,4,false,Los Angeles Dodgers,Colorado Rockies
824319,2026-08-18,2026,Regular Season,66,8,top,660271,Shohei Ohtani,688642,Zach Agnos,R,5,8e1e5e4b-f593-3a10-bff8-66c683aad4b2,2,2,2,104.3,2.0,59.0,ground_ball,150.8,156.75,,,,Groundout,0,7,4,true,Los Angeles Dodgers,Colorado Rockies
824318,2026-08-19,2026,Regular Season,1,1,top,660271,Shohei Ohtani,607536,Kyle Freeland,L,1,d926b90f-798e-3b98-9d81-812224e431e6,0,0,0,76.4,-2.0,31.0,ground_ball,142.7,145.34,,,,Groundout,0,0,0,true,Los Angeles Dodgers,Colorado Rockies
824318,2026-08-19,2026,Regular Season,19,3,top,660271,Shohei Ohtani,607536,Kyle Freeland,L,6,f2013f10-7aca-3481-9a9d-8f5b90a451d0,2,2,0,102.5,-13.0,11.0,ground_ball,143.7,153.71,,,,Groundout,0,1,0,true,Los Angeles Dodgers,Colorado Rockies
823911,2026-08-21,2026,Regular Season,24,3,bottom,660271,Shohei Ohtani,696149,Bubba Chandler,R,3,4fcb109e-aea7-301a-ada5-4ed01f8b7f9a,2,0,0,112.9,8.0,167.0,line_drive,104.1,83.89,,676439,,Single,0,2,2,false,Pittsburgh Pirates,Los Angeles Dodgers
823911,2026-08-21,2026,Regular Season,36,4,bottom,660271,Shohei Ohtani,696149,Bubba Chandler,R,7,4800063b-82b6-3c07-891d-a959675aafa5,3,2,2,104.4,-22.0,4.0,ground_ball,151.34,151.73,,,,Groundout,0,2,4,true,Pittsburgh Pirates,Los Angeles Dodgers
823910,2026-08-22,2026,Regular Season,68,8,bottom,660271,Shohei Ohtani,699008,Antwone Kelly,R,5,6e60d1b8-ab7d-387a-a325-fca720dbcc06,2,2,2,76.6,-59.0,1.0,ground_ball,148.79,175.05,,677950,,Groundout,0,3,4,true,Pittsburgh Pirates,Los Angeles Dodgers
823909,2026-08-23,2026,Regular Season,36,4,bottom,660271,Shohei Ohtani,669387,Carmen Mlodzinski,R,5,30dc0dc9-6a2b-37b3-8313-03bc72608f6e,2,2,2,102.7,-14.0,9.0,ground_ball,123.18,144.14,676439,,677950,Forceout,0,0,3,true,Pittsburgh Pirates,Los Angeles Dodgers
823909,2026-08-23,2026,Regular Season,55,7,bottom,660271,Shohei Ohtani,694753,Khristian Curtis,R,6,96b4fa77-a2f5-324d-b8fe-5ec61c9c7eea,2,2,0,93.7,28.0,338.0,fly_ball,60.12,79.69,,,,Flyout,0,0,4,true,Pittsburgh Pirates,Los Angeles Dodgers
824881,2026-08-25,2026,Regular Season,1,1,top,660271,Shohei Ohtani,693821,Bryce Elder,R,5,0c81d93a-8f0a-3613-8c40-f2a4fda36ada,2,2,0,92.3,-20.0,7.0,ground_ball,119.8,143.17,,,,Groundout,0,0,0,true,Los Angeles Dodgers,Atlanta Braves
824881,2026-08-25,2026,Regular Season,32,4,top,660271,Shohei Ohtani,693821,Bryce Elder,R,3,3c33d3b1-72a7-3d55-a367-532bae4ba831,0,2,2,87.9,24.0,290.0,line_drive,76.65,93.77,,,,Lineout,0,3,3,true,Los Angeles Dodgers,Atlanta Braves
824881,2026-08-25,2026,Regular Season,52,7,top,660271,Shohei Ohtani,669276,Dylan Lee,L,5,66ab1ed5-d5dd-3197-84f6-fa8e7a79743a,2,2,0,81.0,-8.0,12.0,ground_ball,149.45,161.33,,,,Groundout,0,3,3,true,Los Angeles Dodgers,Atlanta Braves
824881,2026-08-25,2026,Regular Season,71,9,top,660271,Shohei Ohtani,628452,Raisel Iglesias,R,2,23a50241-ce47-30e3-9a3d-53c0f786f4eb,1,0,0,102.6,29.0,379.0,fly_ball,43.24,69.6,,,,Triple,0,3,4,false,Los Angeles Dodgers,Atlanta Braves
824878,2026-08-26,2026,Regular Season,16,2,top,660271,Shohei Ohtani,700363,AJ Smith-Shawver,R,3,8c093099-2459-337f-af1b-7ea74446256c,2,0,2,106.6,54.0,258.0,fly_ball,103.36,99.02,676439,,606192,Flyout,0,1,1,true,Los Angeles Dodgers,Atlanta Braves
824878,2026-08-26,2026,Regular Season,33,4,top,660271,Shohei Ohtani,700363,AJ Smith-Shawver,R,3,1231de28-04d4-35bb-9d09-06c2dc3b7397,1,1,2,75.9,23.0,216.0,line_drive,189.89,127.95,676439,,,Single,0,3,1,false,Los Angeles Dodgers,Atlanta Braves
824878,2026-08-26,2026,Regular Season,59,7,top,660271,Shohei Ohtani,669276,Dylan Lee,L,1,b4353709-dbb4-3c35-a5c3-a238d49d377f,0,0,0,106.7,10.0,176.0,line_drive,196.31,136.3,,,,Double,0,3,5,false,Los Angeles Dodgers,Atlanta Braves
824878,2026-08-26,2026,Regular Season,72,8,top,660271,Shohei Ohtani,800311,Didier Fuentes,R,6,b98f6197-6c1c-3836-be5e-2fa875179cb1,2,2,1,90.8,2.0,100.0,ground_ball,111.93,146.2,,606192,,Groundout,0,5,5,true,Los Angeles Dodgers,Atlanta Braves
824879,2026-08-27,2026,Regular Season,1,1,top,660271,Shohei Ohtani,519242,Chris Sale,L,1,11800a29-7523-3c9b-991e-ff74f315032e,0,0,0,81.2,-15.0,8.0,ground_ball,152.48,154.67,,,,Groundout,0,0,0,true,Los Angeles Dodgers,Atlanta Braves
824879,2026-08-27,2026,Regular Season,53,8,top,660271,Shohei Ohtani,519242,Chris Sale,L,2,9e75d4f2-e85f-388e-abb1-71073d68d30c,1,0,1,83.7,37.0,272.0,fly_ball,56.5,114.64,,,,Flyout,0,0,1,true,Los Angeles Dodgers,Atlanta Braves
824231,2026-08-28,2026,Regular Season,17,3,top,660271,Shohei Ohtani,623454,Drew Anderson,R,2,185bd0d5-3279-3445-bb93-12139fa85df6,0,1,0,104.7,-5.0,24.0,ground_ball,149.57,150.51,,,,Grounded Into DP,0,0,0,true,Los Angeles Dodgers,Detroit Tigers
824231,2026-08-28,2026,Regular Season,62,8,top,660271,Shohei Ohtani,621097,Jacob Waguespack,R,7,b522b953-1c87-3930-9291-90114e46f9d2,3,2,1,107.7,-1.0,32.0,ground_ball,151.47,151.68,,,,Groundout,0,1,1,true,Los Angeles Dodgers,Detroit Tigers
824230,2026-08-29,2026,Regular Season,17,3,top,660271,Shohei Ohtani,672456,Keider Montero,R,3,4225fb04-cbc6-39a1-9357-39760264e48c,1,1,2,66.2,32.0,203.0,fly_ball,82.56,131.85,,,,Single,0,0,0,false,Los Angeles Dodgers,Detroit Tigers
824230,2026-08-29,2026,Regular Season,41,6,top,660271,Shohei Ohtani,672456,Keider Montero,R,4,8669ef21-28a3-3886-89d9-fb4b2111a4e5,1,2,0,85.8,-11.0,15.0,ground_ball,117.07,149.66,,677950,,Groundout,0,0,1,true,Los Angeles Dodgers,Detroit Tigers
824230,2026-08-29,2026,Regular Season,58,8,top,660271,Shohei Ohtani,808825,Andrew Sears,L,3,5e769436-3380-3398-ae45-8bb3f95477f5,0,2,0,61.8,18.0,128.0,line_drive,157.84,161.72,,,,Lineout,0,1,1,true,Los Angeles Dodgers,Detroit Tigers
824232,2026-08-30,2026,Regular Season,1,1,top,660271,Shohei Ohtani,664285,Framber Valdez,L,3,ab63c1db-5477-3a63-8ce6-4e6c55703eaf,2,0,0,107.5,-3.0,27.0,ground_ball,148.0,155.0,,,,Groundout,0,0,0,true,Los Angeles Dodgers,Detroit Tigers
824232,2026-08-30,2026,Regular Season,16,3,top,660271,Shohei Ohtani,664285,Framber Valdez,L,7,40fc2f35-fad0-34c8-afbf-a4b7cc2dfa7f,3,2,1,95.8,11.0,145.0,line_drive,164.5,157.78,,,,Lineout,0,0,0,true,Los Angeles Dodgers,Detroit Tigers
824232,2026-08-30,2026,Regular Season,48,7,top,660271,Shohei Ohtani,641755,Tyler Kinley,R,5,3a84f70b-23bf-3cec-8d6f-bf5a0196ac9a,2,2,2,84.0,-5.0,27.0,ground_ball,158.4,167.39,,,,Groundout,0,3,1,true,Los Angeles Dodgers,Detroit Tigers
